state_name,fem_15_19_pregnant,fem_below24_married_before18,deaths_last_3years,pop_f_6_sch,oral_cancer,alcohol_men_15,men_bp_sev,tobaco_men_15,tobaco_women_15,alcohol_women_15,breast_cancer,cerv_cancer,men_bp_mild,men_bp_ele_med,sex_ratio_tot_pop,pop_below_15
Andaman And Nicobar Islands,1.8,11.4,83.2,78,5.4,64.5,11.1,76.8,63.5,29.6,13.2,13.4,32.9,47,973,23
Andaman And Nicobar Islands,3.8,8.3,0,77.2,0,0,0,0,0,0,0,0,0,0,957,25.4
Andaman And Nicobar Islands,3.8,15.4,92.6,82.7,15.8,45.3,6,70.5,46.8,5.1,0.3,1.7,22.6,32.2,950,19.8
Andaman And Nicobar Islands,6.5,24.7,0,83.8,0,0,0,0,0,0,0,0,0,0,951,22.6
Andaman And Nicobar Islands,2.8,17.1,92.2,84.7,8,32.8,6.1,50.8,19.6,1.7,0.7,1.3,17.9,26.9,967,21
Andaman And Nicobar Islands,3.9,14.1,0,85.8,0,0,0,0,0,0,0,0,0,0,989,24.2
Andhra Pradesh,13.6,37.3,87.2,59.5,4,16.8,7.7,20.5,5,0.6,0.4,1,16.2,26.7,1047,24.3
Andhra Pradesh,5.2,29,0,56.9,0,0,0,0,0,0,0,0,0,0,1000,24
Andhra Pradesh,6.2,26,68.2,75.4,4.8,25.9,7.3,25.5,3.2,0.7,1,1.9,17.3,32.2,995,20.5
Andhra Pradesh,12.8,31.6,0,69,0,0,0,0,0,0,0,0,0,0,927,21.8
Andhra Pradesh,19.7,28.1,74.3,65.6,4,18.3,5.9,18.7,4.3,0.4,0.3,2.2,16.8,27.1,1024,22.6
Andhra Pradesh,14.7,26.6,0,65,0,0,0,0,0,0,0,0,0,0,1079,23.4
Andhra Pradesh,20.7,35.4,82.5,64.9,14.6,24.5,8.5,25.4,1.6,0.2,0.2,6.5,18,31.3,1055,22.4
Andhra Pradesh,13.6,38.9,0,60.3,0,0,0,0,0,0,0,0,0,0,1015,23
Andhra Pradesh,9.6,25.3,86.3,74,12.3,22.8,5.1,21.3,1.4,0.4,2.1,5.4,18.6,28.5,1064,20.4
Andhra Pradesh,8.9,31.4,0,71.3,0,0,0,0,0,0,0,0,0,0,1037,22.1
Andhra Pradesh,12.4,36.9,77.9,55.2,2.9,20,7.4,19.9,2.1,0.4,0.2,2.3,22.2,31.8,1045,25.9
Andhra Pradesh,12.9,43.5,0,56.6,0,0,0,0,0,0,0,0,0,0,1021,29.4
Andhra Pradesh,16.4,37.3,88.9,58.1,10,19,8.3,28.2,2.2,0.3,0.2,4.1,19.8,33,1011,23.1
Andhra Pradesh,17.1,46.1,0,53.5,0,0,0,0,0,0,0,0,0,0,1016,25
Andhra Pradesh,14.9,23.8,84.8,67.9,6.7,25.9,5.9,26.5,4.4,0.3,0.8,10.2,15.3,25.1,1049,20.8
Andhra Pradesh,11.8,38.7,0,60.6,0,0,0,0,0,0,0,0,0,0,1039,22.9
Andhra Pradesh,5.5,25.4,71,60,3.8,28.3,5.5,21.3,7.1,0.6,0.2,1,14.4,22.9,1140,20.7
Andhra Pradesh,11.7,23.5,0,58.4,0,0,0,0,0,0,0,0,0,0,1028,22.2
Andhra Pradesh,9.5,25.4,71.3,66.8,4.1,30.2,7,22.8,6.3,1.3,0.7,1.7,17,29.2,1066,21.4
Andhra Pradesh,9.5,29.2,0,61.3,0,0,0,0,0,0,0,0,0,0,1047,23.3
Andhra Pradesh,12.7,33.7,81.7,56,7.3,32.3,6.4,21.5,11.4,0.8,0.6,4.9,14.8,25.1,1114,20.6
Andhra Pradesh,17.8,29.6,0,56.4,0,0,0,0,0,0,0,0,0,0,1066,23.7
Andhra Pradesh,13.4,22.1,90.1,75.4,13.1,23.6,8.7,21.8,2.2,0.2,1.8,7.1,17.7,31.4,999,21.5
Andhra Pradesh,7.9,30.1,0,68.5,0,0,0,0,0,0,0,0,0,0,1020,23
Andhra Pradesh,10.9,25.6,86.1,61.9,3.6,16,6.9,18,3.1,0.2,0.9,13.4,17.8,27.3,1058,24.1
Andhra Pradesh,10.4,28.2,0,59.2,0,0,0,0,0,0,0,0,0,0,1034,24.6
Arunachal Pradesh,5.1,21.8,34.6,61.5,0.2,68.4,11.8,66.1,22.1,31.6,0.6,0.9,30.2,42.6,939,23.2
Arunachal Pradesh,13.1,26.4,0,62.7,0,0,0,0,0,0,0,0,0,0,910,31.5
Arunachal Pradesh,9,16.8,56.5,74.6,0,60.9,7,59.9,21.9,30,0,0.2,19.2,27.5,963,28.7
Arunachal Pradesh,8.8,19.2,0,66.6,0,0,0,0,0,0,0,0,0,0,965,33.3
Arunachal Pradesh,0.7,20.7,28.9,67.6,0.8,64.3,15.5,55.4,20.3,27.9,0.4,0.3,28.8,45.4,983,22.1
Arunachal Pradesh,6.4,19.1,0,66.9,0,0,0,0,0,0,0,0,0,0,968,25.7
Arunachal Pradesh,8.1,26.5,22.2,63.1,0.7,49.8,6,48.2,24.9,27.4,0.2,0.6,22.2,29,985,31.2
Arunachal Pradesh,16.6,34.6,0,56.8,0,0,0,0,0,0,0,0,0,0,999,40.5
Arunachal Pradesh,4.6,14.9,26.1,76.8,0.8,50.7,10,51.3,24.7,18.8,0.2,1.1,26.3,38.1,1059,23.1
Arunachal Pradesh,12.9,24.8,30.7,58.1,0.6,34.8,7.5,25,9.9,11.5,0.3,0,17.7,26.1,976,33.5
Arunachal Pradesh,7.7,19.8,8.3,72.6,1.4,50.2,4.6,39.4,16.4,27.5,0,0.7,20.1,26,997,31
Arunachal Pradesh,5.4,20,50.8,73.3,1.1,50,7,53,17.8,20.9,1.3,1.1,17.4,26.6,1001,27.7
Arunachal Pradesh,2.2,7.9,57.2,63.2,0,55.2,8.3,56.1,16,21.8,0,0,22.3,31.1,926,29.9
Arunachal Pradesh,1.6,13.8,53.6,76.8,0.2,48.7,12.6,52.1,20.6,20.3,0.2,0,24.8,38.1,1010,24.5
Arunachal Pradesh,6.9,28.1,0,66.3,0,0,0,0,0,0,0,0,0,0,955,32
Arunachal Pradesh,2,16,30.3,73.1,0.8,48.1,10.4,46.7,18,16.8,0.7,3.6,25.2,36.6,1016,22
Arunachal Pradesh,8.9,13.7,0,63,0,0,0,0,0,0,0,0,0,0,1010,28.1
Arunachal Pradesh,11.3,26.7,57.5,72.1,0,61.6,7.9,68.8,25.3,28.4,0,0.6,19,28.1,982,30.3
Arunachal Pradesh,6,25.4,21.6,77.6,2,42.7,9.2,43.7,16.1,16.1,1.2,2.6,21.2,32.7,1039,30.5
Arunachal Pradesh,12.5,23.3,0,77.3,0,0,0,0,0,0,0,0,0,0,978,30.2
Arunachal Pradesh,0.5,10,23.2,78.6,0.2,60.6,10.1,55.5,19.6,27.3,0.2,1.2,20.5,31.5,968,21.8
Arunachal Pradesh,1.4,11.9,51.2,59.3,0.7,43.2,9.2,24,5.1,23.4,0.8,1,25.7,36.4,1063,27.3
Arunachal Pradesh,2.2,7.1,0,41.4,0,0,0,0,0,0,0,0,0,0,1060,27.9
Arunachal Pradesh,4,12,64.8,69,0.2,49,8.1,44.8,12.7,16.4,0.2,0.2,22.8,31.6,964,26.8
Arunachal Pradesh,7.1,17.1,18.4,69.5,0.4,61.2,10.7,59.2,21.3,22,0.4,0.7,20.1,31.7,894,25.8
Arunachal Pradesh,2.3,18.8,0,66.7,0,0,0,0,0,0,0,0,0,0,898,25.1
Arunachal Pradesh,13.2,26.7,10.5,61.4,0.3,65.6,10.5,55.3,19.8,42.8,0.1,0.5,25,37.5,1052,27.3
Arunachal Pradesh,10.7,31.1,0,61.8,0,0,0,0,0,0,0,0,0,0,987,33.6
Arunachal Pradesh,1.4,12.5,48.5,73,0.2,45.9,7,38.7,13.9,19.5,0.5,0,21.9,30.7,971,21.7
Arunachal Pradesh,18.8,25.9,0,64.6,0,0,0,0,0,0,0,0,0,0,946,31.9
Arunachal Pradesh,4.7,18.9,17.7,73.6,0.4,49.8,11.3,44.3,16.9,26.9,0.1,0.4,29,41.1,1018,23.7
Assam,12.3,24.9,50.1,74.1,0,33.4,5.3,57.6,14.9,11.9,0.3,0.3,17.8,25,1057,26.5
Assam,11.1,27.4,0,71.9,0,0,0,0,0,0,0,0,0,0,1046,28.3
Assam,14.2,40.1,74.3,75.4,0,8,3,46.4,14.3,0.7,0.2,0.7,10,16.7,1027,30.1
Assam,16.2,43.2,0,70.5,0,0,0,0,0,0,0,0,0,0,982,33.3
Assam,9,25.3,62.5,72.1,0,40.5,7.6,61.6,27.8,11.5,0,0.5,19.1,28.4,996,28.7
Assam,15.4,41.7,69.1,77,0.7,13.2,3.6,45.7,18.8,1,0.8,0.7,9.9,15.9,998,28.9
Assam,22.3,41.5,0,73.4,0,0,0,0,0,0,0,0,0,0,951,32.1
Assam,8.5,29.9,72.4,80.5,0.2,14.6,2.9,51,33.2,2.5,0,0.2,9.1,15.4,1012,30.9
Assam,10.1,16.9,0,78,0,0,0,0,0,0,0,0,0,0,992,30.1
Assam,3.8,22.6,50.6,75,0,50.4,3,57.9,25.4,17.7,0,0.2,12.6,17.9,1027,25.8
Assam,13.7,30.9,72.7,71.5,0.2,30.9,6.4,55.1,18.6,8.9,0.2,0.4,18.5,25.6,1015,28
Assam,18.9,32.4,0,67.2,0,0,0,0,0,0,0,0,0,0,965,31.2
Assam,16.1,42.8,69.2,75.2,0,7.8,2,43,10.2,0.3,0,0.4,8.9,14.5,929,29.2
Assam,16.5,37.4,0,70.5,0,0,0,0,0,0,0,0,0,0,977,31.5
Assam,10.8,32,47.2,77.3,0,59.5,5.4,62.7,26.2,30.6,0,0,17.4,24.1,1028,30.6
Assam,13.4,36.2,0,75.1,0,0,0,0,0,0,0,0,0,0,1014,32.5
Assam,22.4,50.8,73.1,71.8,0,5.1,4.8,55,21.8,0.3,0,0,13.4,19,1000,32.3
Assam,4.8,23,72.3,79.5,0.5,51.9,4.3,57.7,27.9,19,0.2,0,13.5,21.4,1002,24
Assam,10.6,26.9,0,75.9,0,0,0,0,0,0,0,0,0,0,1035,27.2
Assam,5.4,16.5,60.3,85.1,0,57.2,4,55.2,21.3,23.9,0,0,16.9,23.5,959,27.7
Assam,9.1,20.2,0,74.1,0,0,0,0,0,0,0,0,0,0,969,31.6
Assam,13.3,41.8,73.3,78.5,0,16.2,3.5,52,15.6,5,0.2,0.2,11.5,17.9,1007,30
Assam,27.2,35.8,0,73.4,0,0,0,0,0,0,0,0,0,0,986,34
Assam,9.5,20.7,55.2,77.6,0.2,38.2,6.3,52,21.6,10.4,0.2,0.2,13.9,22,1002,24.3
Assam,13.2,27.7,0,80.8,0,0,0,0,0,0,0,0,0,0,1016,25.2
Assam,10.4,32.9,60.3,81.5,0,10.1,5.6,58.3,45.1,3.1,0,0,15.6,24.4,1054,33.7
Assam,11.2,22.9,0,75.9,0,0,0,0,0,0,0,0,0,0,962,32.5
Assam,15.6,30.9,79.7,79.1,0.5,16.7,7.3,53.7,18.8,2.2,0,0.9,15.9,25.2,986,27.5
Assam,12.9,24.9,57.2,84.4,0.3,30.9,6.4,47.1,16.5,4,0.2,0,16.7,26.3,1009,21.6
Assam,15.7,21.9,52.4,79.4,0.3,19.1,3.7,44.7,14.3,3.2,0,0.2,10.5,19.2,997,25.6
Assam,9.5,31,0,76.1,0,0,0,0,0,0,0,0,0,0,1002,27.8
Assam,10.1,21.9,77.4,87.5,0.4,24.2,2.8,39.9,11.8,3.9,0.2,0.2,11.4,20.3,946,20
Assam,7.6,21.7,0,87.3,0,0,0,0,0,0,0,0,0,0,964,22.1
Assam,9.1,26.1,60.7,76.4,0.2,48.5,6.6,55,20.5,20.5,0,0,15,22.8,994,29.9
Assam,9.9,27.7,72.6,82.1,0.5,7,2.7,54.2,43,1.4,0,0,11,17.2,1000,32.3
Assam,7.6,31,0,80.6,0,0,0,0,0,0,0,0,0,0,986,34.4
Assam,11.3,36.2,69.5,75.2,0.2,31.3,4.8,55.5,25.7,12.3,0.6,0.2,13.1,19.4,1025,29.5
Assam,12.4,40.9,0,68.8,0,0,0,0,0,0,0,0,0,0,1009,29.9
Assam,8.2,36.3,67.1,83.2,0,39.9,5.3,55.8,27.2,15.5,0,0,15.9,25,983,28.1
Assam,13.1,24.9,0,80.4,0,0,0,0,0,0,0,0,0,0,1044,29.8
Assam,10.4,25.5,59.3,78.4,0.2,45.4,6,54.7,26.6,32.1,0,0.2,14.8,23.3,995,26.2
Assam,11.6,39.1,74.3,79.1,0.2,15.6,6.7,56.9,29.9,1.9,0.2,0.2,12.4,20.5,1055,32.1
Assam,20.6,46,0,75.5,0,0,0,0,0,0,0,0,0,0,1016,33.4
Assam,15,42.6,66,81.3,0.4,14.8,2.5,49,18.2,2.5,0.2,0.2,9.7,17,1050,31.1
Assam,8.6,28.1,55,81.8,0.8,15.5,5.1,42,11.7,2.4,1,0.9,15.7,24.9,1043,24.5
Assam,8.2,25.2,0,78.6,0,0,0,0,0,0,0,0,0,0,964,28.3
Assam,12.8,27.9,57.9,87.1,0.5,42.9,6.8,58.4,25.5,13.5,0.3,0.2,15.8,26,989,23.8
Assam,6.5,24,77.9,74.9,0.2,28.9,7.7,59.1,23.3,4.4,0.4,0.4,14.4,24.5,1027,26.6
Assam,22,44.7,71.1,69.4,0,0.9,2.6,50,25.2,0.2,0.3,0,12.6,16.5,968,36.7
Assam,6.1,19.8,64.3,72.6,0.2,43.7,5.4,51.1,23.1,15.7,0.2,0,12.5,19.3,1023,25.4
Assam,8,25.7,0,67.1,0,0,0,0,0,0,0,0,0,0,989,29.6
Assam,4.7,32,51.2,70.6,0.2,35.1,4.1,50.8,12.2,11.1,0.3,0.2,15.8,22.6,1087,27.2
Assam,10.8,28.6,0,68.9,0,0,0,0,0,0,0,0,0,0,981,29.9
Assam,6,21.3,43.5,73.8,0,54.2,3.3,58.2,20.2,23,0.2,0,17,22.2,959,31.7
Bihar,13.3,52,25.5,53,0.7,8.4,3.1,53.2,12.3,0.2,0.7,1.1,8.9,15.8,1094,40.5
Bihar,11.2,48.9,0,52.5,0,0,0,0,0,0,0,0,0,0,1110,42.7
Bihar,8.8,37.5,34.2,62.6,0.2,25.2,3.3,47.9,2.4,0.6,0.2,0.4,9,14,1076,36.6
Bihar,9.7,41.5,0,59.3,0,0,0,0,0,0,0,0,0,0,1145,38.2
Bihar,7.3,27.3,33.9,65,0,23.9,3.2,46.7,3.3,1.1,0,0,10.4,15.3,1074,35.2
Bihar,7.2,34.2,0,61.2,0,0,0,0,0,0,0,0,0,0,1084,36.7
Bihar,19.2,49.4,32.8,59.3,0,17.9,5.4,49.4,1.8,0.5,0,0.6,12.4,18.8,1083,36.1
Bihar,10.6,48,0,52.6,0,0,0,0,0,0,0,0,0,0,1006,38.9
Bihar,12.1,49.5,37.5,65,0,13.7,3.1,49.6,4,0.4,0.2,0.2,9.7,17,1076,36.4
Bihar,15.4,57.9,0,57.2,0,0,0,0,0,0,0,0,0,0,1044,40
Bihar,14.3,42.4,26.4,65.1,1.3,21.2,3.1,47.3,2.4,0.2,1.2,1.6,8.8,14.7,986,35.1
Bihar,8.2,29.7,0,59.7,0,0,0,0,0,0,0,0,0,0,1015,38.2
Bihar,5.3,31.2,44.6,67.9,0.3,17.8,1.8,43.7,2.4,0.5,0.3,0.5,10.3,14.5,1003,34.2
Bihar,7.2,34.9,0,62.4,0,0,0,0,0,0,0,0,0,0,1033,36.1
Bihar,7.2,30.8,40.5,64.8,0,11.4,2,42.2,1.8,0.1,0.3,0.3,7.4,10.5,1005,32.7
Bihar,5.5,37.5,0,66.5,0,0,0,0,0,0,0,0,0,0,1034,37
Bihar,10.3,45.1,27.5,54.9,0.2,10.6,6.3,55.1,5.6,0.3,0.2,0.8,13.7,23.5,1122,37.1
Bihar,11.5,44.3,0,53.8,0,0,0,0,0,0,0,0,0,0,1145,41.3
Bihar,7.2,42.8,38.2,59.6,0,29.9,4.8,51.9,3.7,0.9,0.1,0,12.7,18.8,1080,36.3
Bihar,14.9,54.4,0,56.2,0,0,0,0,0,0,0,0,0,0,1076,39.4
Bihar,7.6,28,40.8,63.3,0,12,5,47.8,5.2,0.1,0.2,1.5,16.3,22.8,1157,34.6
Bihar,6.5,30.8,0,61.7,0,0,0,0,0,0,0,0,0,0,1160,38.3
Bihar,15.4,51.9,37.4,53.1,0,25,3,53.6,2.8,0.5,0,0,10.3,14.8,1090,37
Bihar,14.9,60.2,0,53,0,0,0,0,0,0,0,0,0,0,1036,39
Bihar,12,41.6,35.3,61.7,0.2,28.5,2.3,49.1,5.5,1.1,0.2,1.6,8,12,1085,36
Bihar,13,42.6,0,59.6,0,0,0,0,0,0,0,0,0,0,1103,37.1
Bihar,2.6,27.1,41.3,62.3,0,14.1,3.7,50.8,2.8,0.5,0,0,10.4,15,1018,35.8
Bihar,8.8,37.7,0,61.4,0,0,0,0,0,0,0,0,0,0,1027,38.2
Bihar,16.1,49.4,36.6,57.5,0,10.3,2.9,49.2,6.1,0.6,0,0,8.5,17.8,1053,39
Bihar,14.3,39.2,0,51.5,0,0,0,0,0,0,0,0,0,0,1039,41.2
Bihar,15.1,44.9,31.8,60.6,0.9,6.9,3.1,43.7,3.5,0.1,0.2,0.7,9.4,16.1,1111,41.3
Bihar,16.8,50.4,0,53.7,0,0,0,0,0,0,0,0,0,0,1043,42.5
Bihar,10,36.6,33.5,56,0.2,6.2,5,50.4,11.6,0.6,0.2,0.8,12.4,22.7,1199,39.9
Bihar,6.6,25.4,0,46.8,0,0,0,0,0,0,0,0,0,0,1086,40.6
Bihar,13,56.1,37.4,61.2,0.1,20,2.1,45.4,2.4,0.8,0,0.2,9.3,13.8,1074,37.8
Bihar,12.4,48.7,0,60.1,0,0,0,0,0,0,0,0,0,0,1013,39.1
Bihar,20.8,52,31.4,58,0.5,13.8,2.8,53.2,7.9,0.5,0,0.9,7.6,14.5,1148,38.3
Bihar,19.2,58.6,0,46.4,0,0,0,0,0,0,0,0,0,0,1130,44.4
Bihar,10.2,39.2,22.8,55.6,0.3,11.1,6.4,53.9,5,0.1,0,0.8,12.8,23.4,1227,34.7
Bihar,12,42.7,0,51.6,0,0,0,0,0,0,0,0,0,0,1147,40.4
Bihar,9.6,34.7,50.7,69.5,1.7,12.9,3.9,40.9,2.5,0.1,1.5,1.5,10.6,18.3,1032,31.3
Bihar,9.1,36.9,0,67.6,0,0,0,0,0,0,0,0,0,0,970,35.2
Bihar,8.2,32.9,38.3,65.1,0,11.2,6.9,51.5,7.2,0.5,0.2,1.4,14.1,24,1097,34.9
Bihar,13.1,36.5,0,57.8,0,0,0,0,0,0,0,0,0,0,1059,37.4
Bihar,10,42,40.6,59.6,0,21.5,3.6,49.8,2.8,0.3,0,0.4,9.3,14,1048,37.2
Bihar,14.7,44.6,0,56.7,0,0,0,0,0,0,0,0,0,0,1037,39.8
Bihar,9.4,43.3,38.6,61.4,0,27.9,5.3,47.9,2.9,0.9,0,0.3,11.9,18.5,1099,33.4
Bihar,10.8,53.1,0,56.3,0,0,0,0,0,0,0,0,0,0,1169,38.7
Bihar,12.5,39.1,29.4,59.8,0,10.8,7.8,48.1,5.9,0.9,0,0.3,12.3,22.6,1088,36.5
Bihar,19.9,44,0,52.8,0,0,0,0,0,0,0,0,0,0,936,41.4
Bihar,10.1,26.6,39.9,69.5,0.1,21,2.4,39.9,2.1,0.4,0.6,1.6,10,14.8,950,32.7
Bihar,8.6,29.1,0,67.9,0,0,0,0,0,0,0,0,0,0,964,33.6
Bihar,12.7,49.2,34.4,58.2,0.4,14.9,6.8,55.2,7.6,0.5,0.6,3.3,13.8,23.6,1185,40
Bihar,17.7,44.1,0,50.6,0,0,0,0,0,0,0,0,0,0,1064,42.9
Bihar,21.4,51.2,39.1,53.6,0.9,13.2,3.5,47.3,6.2,0.9,1.2,2.1,11.9,22.5,1128,40.2
Bihar,12.3,39,0,57.8,0,0,0,0,0,0,0,0,0,0,1091,41.9
Bihar,4.6,30.3,47.2,70.5,0,18.2,4.6,40.6,1,0.4,0.7,1.1,10.3,16,1040,32.7
Bihar,10.2,38.3,0,67.2,0,0,0,0,0,0,0,0,0,0,1029,36.6
Bihar,23.5,51,32.4,50.2,0,9.6,4.2,54.9,10.7,0.2,0.2,0.2,8.8,15.5,1128,38.8
Bihar,11.8,42.7,0,48,0,0,0,0,0,0,0,0,0,0,1044,40.8
Bihar,14.9,49.8,39.2,60.9,0.4,10.5,4.4,51.7,3.5,0.1,0.6,0.6,9.4,16.4,1071,37.8
Bihar,19.3,52.3,0,56.4,0,0,0,0,0,0,0,0,0,0,1063,39.8
Bihar,6.2,26.2,43.8,64.8,0.3,17.4,2.6,44,4.2,0.6,0.8,0.5,12.7,19.3,1077,35.3
Bihar,10,30,0,61.5,0,0,0,0,0,0,0,0,0,0,1075,38
Bihar,10.2,46.1,47.8,58.5,0.3,23.2,3.9,45,2.1,0.2,0.5,0.5,11.1,16.1,1074,37.5
Bihar,14,50.8,0,59.4,0,0,0,0,0,0,0,0,0,0,1104,40.8
Bihar,3.3,34.6,49.1,56.2,0.3,14.9,4.5,56.6,4.5,0.3,0,0,14.6,20.8,1066,36.2
Bihar,14,51.1,0,52,0,0,0,0,0,0,0,0,0,0,1143,43.5
Bihar,13.1,46.8,35.6,59.1,0,12.7,4.8,55.4,6.4,0.1,0,0,10.8,17.9,1209,38.2
Bihar,11.1,51.3,0,53.4,0,0,0,0,0,0,0,0,0,0,1103,41.6
Bihar,2.6,21.3,61.9,70.7,0,11.4,9.4,44.1,4.6,0.4,0,0.2,18.1,29.6,1141,31.5
Bihar,5.9,24.7,0,62.5,0,0,0,0,0,0,0,0,0,0,1119,36
Bihar,17,55.9,28.7,50.9,0.2,7.9,3.1,53,11.4,0.1,0,0.4,8.8,14.1,1126,39.8
Bihar,18.6,60.8,0,47.6,0,0,0,0,0,0,0,0,0,0,1123,42.4
Bihar,8.1,44.9,44.1,64.5,0.8,19.2,3.7,46.3,3.9,0.4,0.4,0.2,10.2,19.6,1069,34.7
Bihar,12.7,47.8,0,58.7,0,0,0,0,0,0,0,0,0,0,1023,37.2
Chhattisgarh,0,3.3,83.8,76.4,0.2,26.8,8.5,36.1,11.4,1.5,0,0.6,18.2,27.7,988,20.7
Chhattisgarh,2.7,11.4,68.9,66.7,0.3,35,7.3,40.8,14.9,1.8,0.6,0.3,19.3,27.9,1070,27.2
Chhattisgarh,9.1,24.6,78.4,62.1,0,44.5,10,53.2,21.4,16.2,0,0,20.3,31.2,980,29.2
Chhattisgarh,6,17.3,55.9,58,1,41.4,5.7,55.8,36.4,18.5,0.2,0.9,16.8,24.1,1068,26.5
Chhattisgarh,4.9,15.1,80,65.3,0,29,6.5,40.2,10.6,0.7,0,0.5,19.9,27.6,972,27
Chhattisgarh,5.2,18.3,67.4,47.4,0,60.8,4.5,61.9,44.4,32,0,0,16.2,21.6,1069,30.5
Chhattisgarh,8,17.3,0,67.7,0,0,0,0,0,0,0,0,0,0,1006,29.3
Chhattisgarh,5.2,11.2,63.5,71,0.2,33.9,8.1,40,11.5,2.6,0.3,0.3,19.2,28.6,1033,24.8
Chhattisgarh,6.7,16.3,60.7,51,0.5,49.8,3.7,55.7,38.1,21.4,0.5,0.9,18.5,23.7,1098,27.9
Chhattisgarh,1,5.8,87.1,77.3,0,32.9,6.3,38,14.1,2.8,0.3,0.3,16.9,24.9,1057,23.6
Chhattisgarh,2.8,8.5,0,73.5,0,0,0,0,0,0,0,0,0,0,1017,25.4
Chhattisgarh,0.6,4.3,81.9,79.4,0.8,32,5.4,36.6,7.2,0.9,0.4,0.5,18.5,26.5,957,22.9
Chhattisgarh,3.6,9.7,75.6,67.4,0,35.1,6.6,45.3,21,1.2,0,0.2,17.6,25.6,1048,26.5
Chhattisgarh,3.5,10.2,76.2,67.7,0.2,31.3,9.1,40.4,14.8,1.3,0,0,18.1,28.3,999,25.3
Chhattisgarh,3.8,18.2,0,68.7,0,0,0,0,0,0,0,0,0,0,1038,29.2
Chhattisgarh,5.5,21.9,79.4,67.9,0.2,50.2,11.6,55.8,21.2,12.1,0,0.2,21.9,34.4,1038,27.8
Chhattisgarh,5.5,31.8,0,63.7,0,0,0,0,0,0,0,0,0,0,995,30.1
Chhattisgarh,1.5,15.3,84.1,61.7,0.2,27.6,6.6,40.2,13.7,2.6,0.3,0.2,19.4,26.5,983,27.4
Chhattisgarh,6.5,30.7,0,58.3,0,0,0,0,0,0,0,0,0,0,1031,33
Chhattisgarh,3,11.8,57.8,57.5,0.3,41.4,5.9,48.3,28.6,18.3,0.2,0,14.6,21.6,1033,25.7
Chhattisgarh,1.2,7.2,72.4,71.1,0.5,33.4,10.1,42.6,18.6,3.7,0.8,0.9,21.1,32.7,1034,25.4
Chhattisgarh,4.3,20.2,0,69.4,0,0,0,0,0,0,0,0,0,0,1022,28.8
Chhattisgarh,5,22.9,87,69.7,0.9,39.5,9.1,44.4,17.5,4.7,0.5,0.5,20.4,30.9,987,26.9
Chhattisgarh,9.2,31.1,0,66,0,0,0,0,0,0,0,0,0,0,1010,29.1
Chhattisgarh,1.2,9.5,75.6,68.6,0.4,30.3,5.3,43.2,23.7,3.7,0.2,0.5,14.3,21.4,1057,24
Chhattisgarh,5,19.6,0,65.1,0,0,0,0,0,0,0,0,0,0,1049,28
Chhattisgarh,3.1,20.5,83.3,63.6,0.6,26.1,8.1,37.6,13.7,1.2,0.4,0.2,20.3,29.2,1022,29.3
Chhattisgarh,2.5,11.1,71.7,54,0,49.7,4.2,51.3,32.7,24.7,0,0,16.1,21.1,1077,28.8
Chhattisgarh,6.1,16.7,0,58.3,0,0,0,0,0,0,0,0,0,0,1094,32.6
Chhattisgarh,1.3,11.5,81.7,72.2,0,33,8.6,43.6,19.1,3.8,0,0,22.7,31.9,1013,24.1
Chhattisgarh,2.8,21.4,0,67.4,0,0,0,0,0,0,0,0,0,0,985,26.1
Chhattisgarh,3.3,8.8,78.3,77.1,0,33.3,4.5,37.5,10.9,1.2,0.2,0.2,15,20.6,983,24.2
Chhattisgarh,1.4,3.8,81.4,73.4,0,35.1,7.3,47.3,19,1.7,0,0,20.3,28.3,1014,24
Chhattisgarh,4.4,17.2,0,75,0,0,0,0,0,0,0,0,0,0,1028,30.1
Chhattisgarh,2.7,18.9,53.2,45.9,0.2,54.2,1.8,61.7,44.5,32.2,0.2,0.2,15.8,18.1,1078,29.6
Chhattisgarh,4.5,34.3,84.4,64.8,0.3,43.4,9.2,50.4,17.7,7.4,0.3,0.6,20.4,30.9,950,28.5
Chhattisgarh,6.4,18.1,81.6,66.3,0.2,40.6,12.5,49.3,24,12.1,0,0,23.6,37.5,1036,27.5
Chhattisgarh,0.8,5.4,89.7,70.2,0.2,31.9,8.6,39.4,16.5,5.2,0.2,0.2,20.8,30.2,1030,21.8
Chhattisgarh,4.7,14.5,0,68.6,0,0,0,0,0,0,0,0,0,0,1052,26.6
The Dadra And Nagar Haveli And Daman And Diu,5.5,30,96.1,70.8,0.2,26.1,3.3,39.8,3.3,1.4,0.2,0.3,8.4,13.5,817,26.8
The Dadra And Nagar Haveli And Daman And Diu,10.3,27.5,0,68.9,0,0,0,0,0,0,0,0,0,0,858,28.9
The Dadra And Nagar Haveli And Daman And Diu,1.4,22.8,92.3,83.8,0.3,32.6,4.7,36.1,2.3,0.6,0.3,0.7,13.2,19.9,755,22.7
The Dadra And Nagar Haveli And Daman And Diu,5.6,30.5,0,83.4,0,0,0,0,0,0,0,0,0,0,647,20.7
The Dadra And Nagar Haveli And Daman And Diu,0,2.3,98,77.8,0.3,25.2,4.9,34.5,1.7,0.4,0,0.3,9.9,17.7,1332,21.2
The Dadra And Nagar Haveli And Daman And Diu,2.1,9.2,0,74.6,0,0,0,0,0,0,0,0,0,0,1188,26.7
Goa,2.7,7.5,100,89.5,0.9,33.8,5.6,19.2,2.7,4.4,1.9,1.4,15.8,28.3,1017,19.3
Goa,2.1,9.9,0,86.6,0,0,0,0,0,0,0,0,0,0,1030,22.3
Goa,2.8,3.9,100,88.2,0.1,41.1,3.7,16.9,2.5,7,0.4,0.8,13.5,25,1040,18.9
Goa,4.1,9.6,0,82.8,0,0,0,0,0,0,0,0,0,0,1000,24.4
Gujarat,1.6,10.5,98.8,69.9,0.6,1.6,3.1,53.7,5,0.4,0.4,0.2,6.3,11.5,984,22.7
Gujarat,3.5,11.5,0,68.1,0,0,0,0,0,0,0,0,0,0,927,22.9
Gujarat,7,28,89.5,75.2,0.2,4.8,6.9,35.8,7.3,0.3,0.2,0.2,16.6,26.9,912,22.2
Gujarat,14.8,27.4,0,77.7,0,0,0,0,0,0,0,0,0,0,962,24.8
Gujarat,6.7,27,90.8,68.6,0.3,5.2,4.9,45.8,9.6,0.3,0.5,0.7,15.3,22,996,25.5
Gujarat,5.1,37.3,82.3,61.1,0,5.1,4.4,37.3,7.5,0.1,0.3,0.3,9.2,15.7,1007,29.2
Gujarat,6.8,47.9,0,55.7,0,0,0,0,0,0,0,0,0,0,992,30.5
Gujarat,5,16.8,86.1,76.7,0.2,7.5,4.7,35.1,11.2,1.1,0,0.5,16.4,24.9,960,23.7
Gujarat,11.1,24.3,0,73.7,0,0,0,0,0,0,0,0,0,0,973,25.1
Gujarat,1.5,18,86.3,72,0.2,4.5,3.4,50.9,9.7,0.3,0,0,11,18,942,24.1
Gujarat,2.2,13,92.4,68.9,0.8,1.3,2.5,48.9,5.3,0.4,0,0.5,6.7,12,975,24.8
Gujarat,4.3,27.5,87.4,52.3,0.4,11.2,3.8,47.7,8.9,1.3,0.2,0.4,12.7,17.5,1016,25.4
Gujarat,7.4,29.9,91.3,59.6,0,14.2,3.8,55.9,14.6,0.9,0,0,12.2,17.7,1047,35.6
Gujarat,9.4,32.8,0,57.9,0,0,0,0,0,0,0,0,0,0,1104,38.4
Gujarat,3.8,11.6,93.4,59,0,2.6,3.3,60.6,24.2,0.5,0,0.4,11,17.3,1010,24.2
Gujarat,5,32.6,96.7,77.6,0.3,5.4,7,33.8,7.2,0.1,0.3,1,18.4,29.3,924,22.3
Gujarat,5.4,50.4,0,69.4,0,0,0,0,0,0,0,0,0,0,931,25.1
Gujarat,0.9,9.9,87.7,65.8,0,5.2,3.1,60.7,18.9,0.4,0.2,0.4,7.7,12.3,981,23.4
Gujarat,1,6.8,98.4,72.8,0.3,1.3,2.9,52,7.7,0.2,0.3,0.3,7.2,15,1004,21
Gujarat,5,11.2,94.3,73.8,0.4,2.9,3.8,54.4,13.8,0.2,0.2,0.4,14.6,20.8,999,21.6
Gujarat,5.7,19,95.1,66.6,0,2.7,3.8,38.7,8.9,0.3,0,0.4,10.7,18.2,979,26.6
Gujarat,5.8,30.4,0,61,0,0,0,0,0,0,0,0,0,0,944,32.5
Gujarat,10.4,49.2,90.9,74,0,6.1,4.3,45.8,13.5,0.5,0,0,16.7,24.5,934,23.7
Gujarat,4.5,32.3,92.4,71.3,0.4,3.2,6.3,36.9,7.7,0.2,0,0.3,17.9,27,913,22.1
Gujarat,6.6,32.6,0,74.5,0,0,0,0,0,0,0,0,0,0,920,25.2
Gujarat,6.1,30.7,90.1,66.1,0.6,4.1,3.2,45.5,5,0.3,0.9,0.6,10.4,14.7,993,25.4
Gujarat,3.4,8.9,100,70.5,0,1.9,3.3,54.7,7.3,0.2,0,0.2,9,15.1,981,22.6
Gujarat,12,29.5,98,66,0,11.9,4.8,48.8,14.6,1.2,0,0,14.5,20.8,1006,26
Gujarat,10.8,33.1,0,67.4,0,0,0,0,0,0,0,0,0,0,997,26.3
Gujarat,3.3,15.7,99.2,77.9,0.2,11.8,5.5,29.2,9,1.4,0.5,0.5,14.8,22.1,1056,19.6
Gujarat,8.2,17.6,0,78.3,0,0,0,0,0,0,0,0,0,0,1036,21.7
Gujarat,10.5,34.1,96.2,70.1,0.2,7.7,6.5,42.2,7.8,0.4,0,0,20.2,27.6,969,26.3
Gujarat,2.3,35.4,88.8,64.8,0,2.1,3.5,38.9,6.9,0.2,0,0,9.5,16.3,967,25.1
Gujarat,9.8,35,0,61.4,0,0,0,0,0,0,0,0,0,0,945,28.8
Gujarat,1.9,10,94.4,74.9,0.4,6,2.6,59.7,16.7,0.3,0.2,0.4,11.4,16.2,1000,20.8
Gujarat,6.9,17.2,0,71.6,0,0,0,0,0,0,0,0,0,0,941,22.6
Gujarat,1.8,12.1,96.1,78.4,0.1,1.2,2.4,53.4,7.2,0.1,0,0.5,8.9,14.5,975,22
Gujarat,6.1,27,93.8,68.7,0,6.8,7.6,37.8,6.8,0.5,0.2,0.2,16.2,26.1,987,26.6
Gujarat,4.4,13.1,94.7,82.7,0.4,8.7,3.9,32.5,7.7,1.6,0.2,0.4,17.1,22.6,912,23.1
Gujarat,4.1,16.6,0,82.9,0,0,0,0,0,0,0,0,0,0,881,26.8
Gujarat,6.3,19.5,94,66,0.3,1.3,3.7,47.5,4.7,0.1,0,0,9.1,14.7,957,23.7
Gujarat,9.9,25.3,95.5,66.1,0,14.5,6.6,35.6,10.8,2.3,0.2,0.1,19.8,28,1076,21
Gujarat,7.4,17.2,0,64.8,0,0,0,0,0,0,0,0,0,0,1065,22.5
Gujarat,13,30.2,96.8,69.9,0.5,18.3,5.9,44.8,18.5,4.6,0.3,0.3,17.5,24.1,1023,28.8
Gujarat,23.8,37.6,0,67.7,0,0,0,0,0,0,0,0,0,0,965,33.5
Gujarat,10.3,22.8,96.5,82,0.5,5.4,5.5,29.1,6.8,0.4,0,0.2,14,23.8,953,21
Gujarat,6.5,19.4,98,79,0.1,17.9,7.2,32.3,5.3,1.5,0.4,0.1,20.1,29.3,1009,25.2
Gujarat,15,19.9,0,76.5,0,0,0,0,0,0,0,0,0,0,995,25.6
Haryana,0.8,6.4,87.4,82.2,0.2,18.8,9.1,22,0.8,0.4,0.9,2.9,19.7,31.2,930,21.6
Haryana,2.6,7.6,0,81.9,0,0,0,0,0,0,0,0,0,0,846,22.8
Haryana,3.4,15,89.5,70.2,0.3,14.2,7.3,34.6,1.8,0.1,0.1,1,16.3,24.8,985,24.8
Haryana,3.1,11.8,93.9,69.6,0,12,4.2,38.3,1.9,0.1,0,0,16.9,22.9,964,23.4
Haryana,2.8,15.3,77.5,80.5,0.2,13.6,6,23,2.7,0.5,0,1,18.8,26.2,890,25
Haryana,5.8,21.6,0,73.5,0,0,0,0,0,0,0,0,0,0,826,31.1
Haryana,2.1,11.7,92.7,67.3,0.2,14.2,6.5,23.5,0.8,0.5,0,0.7,12.2,20.1,908,24.1
Haryana,3.8,17.1,0,65.1,0,0,0,0,0,0,0,0,0,0,908,25.5
Haryana,6.9,20.7,91.1,80.9,0,18.5,4.5,32.6,2.9,0.5,0.3,0,17.2,22.4,871,24.7
Haryana,1.3,36.5,0,76.7,0,0,0,0,0,0,0,0,0,0,812,30.2
Haryana,3.6,8.9,82.6,69.3,0.2,14.2,9,34.5,1.8,0.2,0,0,17.3,28.6,939,25.8
Haryana,4.6,17.7,0,67.2,0,0,0,0,0,0,0,0,0,0,883,25.6
Haryana,1.3,7.7,92.7,77.3,0.2,14.7,7.7,34.1,2.6,0.1,0.2,0.8,17.6,26.8,982,23
Haryana,6.5,16.7,0,72.6,0,0,0,0,0,0,0,0,0,0,894,27.2
Haryana,1.9,8.7,93,71.4,0.4,16.9,6,35.3,2.5,0,0.9,2,13.9,21.9,977,25.8
Haryana,4,17.4,0,68.7,0,0,0,0,0,0,0,0,0,0,894,27.5
Haryana,4.7,11,95.3,66.3,0.2,13.8,5.2,22.6,1.7,0,0.2,0,13.2,20.4,929,24.4
Haryana,4.6,17.8,0,64.9,0,0,0,0,0,0,0,0,0,0,889,27.1
Haryana,3.1,6.6,91.2,79.2,0.4,22,4.6,26.6,2.6,0.3,0.4,0.7,15.2,21.2,970,26.4
Haryana,4.5,8.6,0,73.1,0,0,0,0,0,0,0,0,0,0,881,25.7
Haryana,3.9,11.7,86.7,75.3,0.3,19.3,9.7,24.3,1.3,0.2,0.6,1.2,22.9,34.4,941,24.7
Haryana,4.1,9.9,0,71.4,0,0,0,0,0,0,0,0,0,0,892,24
Haryana,9.6,13.4,84.3,70,0.1,13.9,8.1,32.9,2.3,0.4,0.1,0.1,15.8,25.8,936,22.3
Haryana,4.5,18.7,0,70,0,0,0,0,0,0,0,0,0,0,876,23.6
Haryana,7.6,28.7,66.8,51.2,0.8,5.5,3.7,36.5,4.7,0.3,0.5,1.3,14.6,19.2,914,40.6
Haryana,14.2,40,0,47.1,0,0,0,0,0,0,0,0,0,0,933,43.9
Haryana,4.7,23.8,71.1,67,0.4,13.3,5.9,30.9,7,0.1,0.2,0.6,16.5,23.2,943,31.3
Haryana,12.5,29.1,0,61.8,0,0,0,0,0,0,0,0,0,0,879,33.5
Haryana,1.4,7.4,97,81.2,0.3,20,7,19.5,0.9,0.3,0.3,0.5,18,26.2,936,23.1
Haryana,1.2,11.1,0,79.4,0,0,0,0,0,0,0,0,0,0,780,22.4
Haryana,5.7,11.9,79.2,78.3,0.3,17.6,8.4,27.3,4.6,0.5,0.5,1,15,25.6,917,26
Haryana,6.5,15.1,0,74.8,0,0,0,0,0,0,0,0,0,0,846,27.7
Haryana,4.7,5.8,84.2,74.6,0,19.1,9,33.5,4.4,0.3,0,0,16.9,26.5,885,22.6
Haryana,10.8,21.1,0,68.8,0,0,0,0,0,0,0,0,0,0,894,25.6
Haryana,1.7,12.4,88.8,79.6,1.1,17.6,6.5,30.5,2.8,0.3,0.2,0.4,15.8,24.5,942,23.7
Haryana,10.2,22.7,0,71.4,0,0,0,0,0,0,0,0,0,0,916,28.4
Haryana,5.6,8.9,81.6,68.3,0.6,12.9,8.5,21.7,1.1,0.3,0,0,15.9,26.8,909,22.6
Haryana,3.9,16,0,64.9,0,0,0,0,0,0,0,0,0,0,913,27
Haryana,2.9,15.5,92.1,78.9,0.3,17.9,5.8,30.7,2.9,0.2,0.3,0.5,15.1,21.9,844,23.5
Haryana,6.8,21,0,74.3,0,0,0,0,0,0,0,0,0,0,830,25.8
Haryana,2.3,6.9,89.9,79.1,0.7,19.7,8.7,25.3,1.7,0.4,0.7,2.5,17.3,28.8,923,23.6
Haryana,1.4,8.1,0,76.3,0,0,0,0,0,0,0,0,0,0,867,24
Himachal Pradesh,3.2,10,93.4,81.3,0.2,26.2,4.6,33.3,1.8,0.3,0,0.4,12.1,20.3,1096,22.1
Himachal Pradesh,1.5,13.6,0,78.6,0,0,0,0,0,0,0,0,0,0,1086,25.8
Himachal Pradesh,2,3.8,97.5,70.1,0,40.5,2.8,40.3,2.5,0.6,0,0.2,19.3,23.2,1073,25.1
Himachal Pradesh,0.6,8.4,0,68.8,0,0,0,0,0,0,0,0,0,0,1128,27.5
Himachal Pradesh,2.8,3.5,96.9,86.7,0.2,29.2,7.1,33,0.7,0.3,0.4,1,22.6,35.2,1182,20.3
Himachal Pradesh,1.6,3,0,84.8,0,0,0,0,0,0,0,0,0,0,1225,24.6
Himachal Pradesh,0.8,1.5,90.8,84.1,0,34.1,5.1,32.9,1.2,1.1,0.2,0.2,17.5,26.6,1051,21.1
Himachal Pradesh,0,0,0,83.4,0,0,0,0,0,0,0,0,0,0,1107,23.8
Himachal Pradesh,3.1,11.2,92.3,65.6,0.4,47.9,5.6,33.5,1.7,1.8,0.2,1.2,11.6,19.2,1077,17.8
Himachal Pradesh,7.5,13.8,0,65.7,0,0,0,0,0,0,0,0,0,0,994,19
Himachal Pradesh,6.3,6.3,95.6,79.2,0.2,35,4.7,31.7,1.4,0.6,0.4,0.5,15.7,23.8,1159,22.3
Himachal Pradesh,5.6,14.3,0,75.4,0,0,0,0,0,0,0,0,0,0,1167,25
Himachal Pradesh,6.1,6.1,96.3,81.6,0,34.4,4.8,31.7,1.5,0.5,1.1,3.5,16.3,23.5,956,19
Himachal Pradesh,1.9,8.9,0,77.9,0,0,0,0,0,0,0,0,0,0,997,21.8
Himachal Pradesh,1.8,5,95.7,75.7,0,22.2,4.2,27.3,4.1,0.3,0,0,14.5,20.8,923,25.5
Himachal Pradesh,3.9,7.6,0,73.5,0,0,0,0,0,0,0,0,0,0,1015,25.9
Himachal Pradesh,5.8,13.3,96.3,82.4,0.3,27.4,6.5,29,2.9,0.5,0.7,1.3,14,22.3,947,22.3
Himachal Pradesh,2.7,11.6,0,80.9,0,0,0,0,0,0,0,0,0,0,931,25.7
Himachal Pradesh,2.1,1.6,92.9,86.1,1.7,23.9,5.2,31,0.8,0.2,0.9,0.5,18.4,27.2,1026,21.8
Himachal Pradesh,1.3,4,0,86.1,0,0,0,0,0,0,0,0,0,0,1097,25.7
Jammu And Kashmir,0.7,2.5,86.8,65.5,0,0.1,3.7,47,2.9,0.2,0,0.2,11.5,19.4,974,22.4
Jammu And Kashmir,1.1,4.5,0,62.5,0,0,0,0,0,0,0,0,0,0,999,26.1
Jammu And Kashmir,1,1.5,76.4,62.5,0,0.2,3.7,42.9,5.4,0,0.2,0.2,11,18.6,937,22.3
Jammu And Kashmir,0.8,2.8,0,55,0,0,0,0,0,0,0,0,0,0,989,25.2
Jammu And Kashmir,0,1.8,75.3,62.4,0.2,0.4,3.3,40.1,9.1,0.1,0.4,1,8.7,17.4,970,25.5
Jammu And Kashmir,3.5,5.4,0,62.5,0,0,0,0,0,0,0,0,0,0,1050,29.2
Jammu And Kashmir,0,3.8,61.8,62.9,4,1.2,3.2,34.7,6.5,0.2,1.7,1.8,11.7,19,955,24.8
Jammu And Kashmir,1.4,3.6,0,64.2,0,0,0,0,0,0,0,0,0,0,925,26
Jammu And Kashmir,2.7,11,76.9,65.1,5.1,7.9,3.3,37.1,3.2,0.2,0.2,1.2,14.6,21.5,943,28.4
Jammu And Kashmir,7.3,20.2,0,56,0,0,0,0,0,0,0,0,0,0,1033,34.6
Jammu And Kashmir,0.4,5.3,67.1,60.2,0.1,0.1,3,36.3,6.3,0.2,0,0.4,10.9,19.1,931,25.1
Jammu And Kashmir,2.6,7.6,0,58.4,0,0,0,0,0,0,0,0,0,0,969,27.1
Jammu And Kashmir,0,5.3,80.8,84,0,25.5,3.9,25.7,0.8,0.3,0,0,13.3,22.6,939,22.2
Jammu And Kashmir,4.6,6.9,0,79.7,0,0,0,0,0,0,0,0,0,0,966,24.5
Jammu And Kashmir,0,1.4,68.7,77.4,0.8,21.1,2.2,33.3,2.1,0.5,0.4,0.8,19.4,23.6,894,19.8
Jammu And Kashmir,1.2,7,0,71.6,0,0,0,0,0,0,0,0,0,0,905,24.2
Jammu And Kashmir,1.8,7.2,62.4,68.9,0.3,9.4,1.7,41.3,3.5,0.1,0.3,0.2,5.3,13.3,978,24.8
Jammu And Kashmir,7.6,18.1,0,52.6,0,0,0,0,0,0,0,0,0,0,956,30.8
Jammu And Kashmir,1.1,3.7,69,64,0.4,0.3,2.2,37.7,3.3,0.1,0.3,0.5,15.9,19.9,962,25.4
Jammu And Kashmir,1.6,3.5,0,60.4,0,0,0,0,0,0,0,0,0,0,982,27.8
Jammu And Kashmir,0,3.1,74.2,68.7,0.4,0.2,2.7,49.8,6.8,0,0.4,0.8,11.5,18.9,987,26.7
Jammu And Kashmir,1.8,8.6,0,65.1,0,0,0,0,0,0,0,0,0,0,972,33.5
Jammu And Kashmir,0,0.5,81.4,67.2,0.2,0.6,2.3,41.2,3.3,0,0,0,14.1,19.1,953,22.1
Jammu And Kashmir,1.7,0.7,0,62.7,0,0,0,0,0,0,0,0,0,0,948,24
Jammu And Kashmir,0.5,5.4,82.1,72.1,0.6,2.4,1.6,38.8,2.3,0.3,0.4,0,11.7,16.3,946,27.2
Jammu And Kashmir,4.6,17.5,0,67.3,0,0,0,0,0,0,0,0,0,0,978,32.4
Jammu And Kashmir,4.1,12.2,74.2,72.6,0,8.2,2.4,44.8,3.2,0.1,0.2,0.2,9.6,13.8,901,26.4
Jammu And Kashmir,6.8,25.6,0,67.9,0,0,0,0,0,0,0,0,0,0,1000,32.3
Jammu And Kashmir,2,5.5,63.6,60.8,0.5,10,1.7,36.4,2.8,0.5,0.7,1.2,11.1,15.7,915,29.5
Jammu And Kashmir,3.9,11.1,0,51.3,0,0,0,0,0,0,0,0,0,0,978,38.2
Jammu And Kashmir,2.2,9.6,66.9,66.9,0,10.3,1.1,41.7,4,0.1,0,0,13.3,17.6,967,30.7
Jammu And Kashmir,3.6,16.9,0,65.9,0,0,0,0,0,0,0,0,0,0,952,31.4
Jammu And Kashmir,1.3,6.3,81.8,76.6,0.4,28.1,5.1,38.9,3,0.7,0.2,0.9,12.4,21.5,960,24.5
Jammu And Kashmir,5.8,7.9,0,74.8,0,0,0,0,0,0,0,0,0,0,1019,26.8
Jammu And Kashmir,0,2.1,85.6,71.4,0,0.4,1.1,47,5,0.4,0,0.4,11.5,14.2,958,23
Jammu And Kashmir,1,2.9,0,63.3,0,0,0,0,0,0,0,0,0,0,975,27.8
Jammu And Kashmir,1.6,1.7,91.7,68.2,0,0.4,1.6,36.5,1.9,0,0,0.2,10.4,18.1,972,20.2
Jammu And Kashmir,0,3.7,0,65.1,0,0,0,0,0,0,0,0,0,0,951,22.1
Jammu And Kashmir,1,6.1,76.1,73,0,27.1,2.7,45.2,4.7,0.6,0,0,13,18.3,946,26.1
Jammu And Kashmir,3.5,12.2,0,64.8,0,0,0,0,0,0,0,0,0,0,979,28.6
Jharkhand,5.9,26.3,35.2,71.5,0.4,27.9,8,45,9,2,0,0.6,17.9,27.5,1006,27.3
Jharkhand,6.3,30.6,0,63.8,0,0,0,0,0,0,0,0,0,0,975,29.4
Jharkhand,11.6,31.7,33.1,60.7,0.2,38.7,6.7,49.7,6.4,5.9,0,0,13.3,22.1,1136,36.8
Jharkhand,13.1,49,0,57.3,0,0,0,0,0,0,0,0,0,0,1046,39.4
Jharkhand,20.2,49.2,44.8,59.8,0.2,26.3,4.4,52,6.6,2,0.2,0.7,12.5,18.5,1068,36
Jharkhand,22.6,52.3,0,59.9,0,0,0,0,0,0,0,0,0,0,958,34.2
Jharkhand,10.9,28.3,45.2,68.7,0.1,25.8,6.7,45.7,9.6,1.1,0,0.3,16.2,24.9,986,27.8
Jharkhand,7,29.9,0,66.3,0,0,0,0,0,0,0,0,0,0,947,29.3
Jharkhand,14.9,43.1,44.5,59.7,0.2,44.5,5.4,56.6,9.6,8.8,0,0,13.5,20,1067,31.7
Jharkhand,14.8,47.4,0,58,0,0,0,0,0,0,0,0,0,0,1017,32.5
Jharkhand,8.7,31.3,35.8,60.5,0.2,29.2,7.9,46.7,4.8,3,0.2,0.9,13.5,23.4,1108,33.3
Jharkhand,18.9,58.8,0,55.6,0,0,0,0,0,0,0,0,0,0,1013,36.3
Jharkhand,12.3,45.6,30.8,61.6,0.4,29.8,6.2,44.8,4.4,1.4,0.4,1.9,16.2,23.9,1091,34.6
Jharkhand,16.2,52.6,0,57.6,0,0,0,0,0,0,0,0,0,0,1083,37.6
Jharkhand,16.1,48.5,30.1,52.7,0.5,34.2,4.9,45.1,2.7,3.3,0,0.5,14,20.2,1012,33.8
Jharkhand,21.7,63.5,0,51.6,0,0,0,0,0,0,0,0,0,0,1031,36.6
Jharkhand,7.2,20.9,34.7,65.1,0.2,53.1,4.6,55.5,14.8,16.1,0.2,0.4,14.8,19.9,1024,30.7
Jharkhand,10,24,0,65.9,0,0,0,0,0,0,0,0,0,0,1067,36
Jharkhand,10.9,38.6,31.8,66.1,0,35.1,9.9,42.5,4.8,3.4,0,1,19.4,30.8,1083,32.6
Jharkhand,9,40.8,0,63.8,0,0,0,0,0,0,0,0,0,0,1004,33.2
Jharkhand,14.9,50.5,36.9,63.7,0,29.9,5.3,49.7,13.6,5.3,0,0,14.2,21.9,996,29.5
Jharkhand,17.5,43.9,0,56.3,0,0,0,0,0,0,0,0,0,0,990,33.5
Jharkhand,4.3,21.7,35.1,63.1,0.2,57.5,4.5,57.2,16.2,19.8,0.3,0.5,9,14.2,992,29.8
Jharkhand,6.4,27.8,0,58.5,0,0,0,0,0,0,0,0,0,0,974,30.9
Jharkhand,10.6,42.5,46.8,64.4,0.2,29.2,5.5,37.3,1.4,0.5,0.2,0.3,13,20.6,1141,35.8
Jharkhand,14,50.4,0,61.8,0,0,0,0,0,0,0,0,0,0,1062,37
Jharkhand,8.8,32.2,36.8,60.5,0.2,47.3,6.4,51.6,11,12.7,0,0.5,14,22.2,1115,35.9
Jharkhand,8.5,37.1,0,57.2,0,0,0,0,0,0,0,0,0,0,1017,38.2
Jharkhand,5.5,21.9,42.3,65.6,0,37.6,5.1,51.7,12.8,7.9,0,0.4,14.4,20.2,1052,32.4
Jharkhand,9.6,28.5,0,60.2,0,0,0,0,0,0,0,0,0,0,1037,34.3
Jharkhand,14.4,43.4,39.1,53.1,0,34.5,5.4,50.8,5.8,5.1,0,0,13.8,20.2,1074,36.3
Jharkhand,17.2,41.1,0,51.3,0,0,0,0,0,0,0,0,0,0,1022,36.9
Jharkhand,6.1,35.4,40.2,63.5,0,34.9,7.4,48.9,6,3.1,0.2,0.2,16.1,24.3,1183,34.6
Jharkhand,11.5,39.9,0,57.6,0,0,0,0,0,0,0,0,0,0,998,35.7
Jharkhand,6.7,24.4,42,58.4,0.1,57.1,5.4,56.4,19.9,28.5,0.1,0.2,13.1,19.5,1049,35.8
Jharkhand,9.1,21.3,0,50.9,0,0,0,0,0,0,0,0,0,0,1048,33.8
Jharkhand,3.7,19.8,46.7,74.1,0,25.6,4.7,38.8,8.6,4.5,0,0,16.5,22.4,1016,23.4
Jharkhand,9,26.1,0,70.1,0,0,0,0,0,0,0,0,0,0,1001,25.8
Jharkhand,5.1,25.1,42.4,68.4,0.2,37,10.2,48.5,8.6,5.9,0.3,1.4,15.4,27.4,955,27.9
Jharkhand,10.1,27.7,0,67.5,0,0,0,0,0,0,0,0,0,0,1000,30.7
Jharkhand,5.5,20.9,55.2,73.3,0.4,36.4,5.7,45.8,8.3,5.7,0.2,0.3,16,23.1,1004,25.4
Jharkhand,8.9,27.8,0,70.5,0,0,0,0,0,0,0,0,0,0,960,27.6
Jharkhand,18.9,39.9,49.5,57.3,0.9,34.4,3.8,47.2,4.7,6.7,0.2,0.2,10.6,16.6,1092,39.4
Jharkhand,13.5,37.7,0,51.5,0,0,0,0,0,0,0,0,0,0,977,38.1
Jharkhand,10.3,19.2,40.1,64.4,0,37.3,4.2,42.6,11.2,11.3,0,0.2,12.4,17.2,996,26.2
Jharkhand,14.8,33.2,0,64.8,0,0,0,0,0,0,0,0,0,0,947,30.1
Jharkhand,5,15.9,35,68.2,0,54.1,7.9,56.5,17.6,15.7,0,0.2,18.4,26.7,1064,30
Jharkhand,5.3,14.7,0,59.9,0,0,0,0,0,0,0,0,0,0,1034,34
Karnataka,6.9,38.7,76.8,67.3,0.2,14.8,4.9,33.7,10.7,0.6,0.2,0.6,13.2,21,1007,26.5
Karnataka,12.3,32.2,0,62.1,0,0,0,0,0,0,0,0,0,0,963,28.2
Karnataka,2,14.5,91,85.7,0.6,17.3,7.5,20.9,2.9,1.1,0.4,0.2,21.8,33.5,1006,20.6
Karnataka,4.6,11.6,0,84.4,0,0,0,0,0,0,0,0,0,0,898,22.1
Karnataka,6.4,14.1,94.5,74.3,0.2,17.8,8,24.8,13.1,1.5,0.2,0.9,20.9,30.8,986,20.5
Karnataka,12,21,0,70.8,0,0,0,0,0,0,0,0,0,0,994,23
Karnataka,9.1,32.8,90.4,72.4,0.8,11.5,4.9,28.8,6.6,0.5,0.6,0.5,14.7,22.2,1032,25
Karnataka,9.5,35.7,0,69.8,0,0,0,0,0,0,0,0,0,0,960,26.5
Karnataka,3.2,22.2,89.2,64.2,1,14.3,4.4,26.2,8.2,1,0.2,0.5,14,20.9,1038,23.6
Karnataka,13.3,29.2,0,59.5,0,0,0,0,0,0,0,0,0,0,952,29.1
Karnataka,4,19.2,76.5,68.2,0.5,16.6,5.4,31.2,8.5,0.3,0.2,0.4,15.7,24.1,1034,27.3
Karnataka,7.6,22.3,0,66.2,0,0,0,0,0,0,0,0,0,0,1018,26.1
Karnataka,11.8,39.2,86.2,66.1,0.4,15.3,5.1,34.6,10.8,0.8,0.2,0.7,13.2,21,995,28
Karnataka,10.6,31.9,0,63,0,0,0,0,0,0,0,0,0,0,966,29.8
Karnataka,6.1,19.3,84,63.2,0.7,20,9.1,22.4,2.8,0.9,0.2,0.2,18.9,29.9,1037,19.4
Karnataka,8.5,29,0,56.4,0,0,0,0,0,0,0,0,0,0,1068,21.4
Karnataka,5.3,27.1,86.4,65.9,0.6,11.7,9.1,20.2,18.2,1.2,0.4,0.4,21.3,32.5,1067,21.7
Karnataka,7.2,20.1,0,63,0,0,0,0,0,0,0,0,0,0,1023,23.4
Karnataka,5.5,19.5,90.9,76.2,0,23.8,6,32.3,10.9,1.5,0,0.7,19,28.7,1041,19.4
Karnataka,7.4,19.3,0,71.9,0,0,0,0,0,0,0,0,0,0,1059,20.4
Karnataka,7.8,20.7,89.2,73,0.4,21.2,8.6,36.9,14.2,2,0.4,0.4,19.6,30.6,1023,22.5
Karnataka,8.3,20.2,0,69.3,0,0,0,0,0,0,0,0,0,0,946,20.5
Karnataka,1,4.9,93.8,83.9,0.4,11.6,8.1,15.1,4.4,0.6,0.4,0.4,18.5,29.9,1063,19.8
Karnataka,2.4,7.7,0,82.7,0,0,0,0,0,0,0,0,0,0,1032,20.4
Karnataka,4.9,19.1,82.4,74.9,0.6,14.1,7.4,30,8.9,1.7,0.9,0.9,17.6,29.5,967,21.9
Karnataka,8.7,23.6,0,69.1,0,0,0,0,0,0,0,0,0,0,951,23
Karnataka,3.3,17.8,96.2,78.2,0,15.8,6.1,36.8,6.8,0.5,0.1,0.3,15,23.7,1022,22.1
Karnataka,7.6,23.7,0,76.7,0,0,0,0,0,0,0,0,0,0,957,24.8
Karnataka,2,27.7,87.1,73.3,0.5,13.7,7.1,35.6,8.5,0.5,0,0.2,14.7,23.9,1060,24.1
Karnataka,4.6,25.1,0,65.7,0,0,0,0,0,0,0,0,0,0,964,24.9
Karnataka,4.9,29.8,76.3,65,1.8,17,5.5,33.5,11,0.8,0.8,1.4,16.1,24.8,1023,26.8
Karnataka,3.4,27,0,60.8,0,0,0,0,0,0,0,0,0,0,989,30.9
Karnataka,6.4,16.2,90,74.4,0,26.6,8,29,10.9,1,0,0,18,29.5,1102,20.2
Karnataka,6.6,13.2,0,69.4,0,0,0,0,0,0,0,0,0,0,1077,21.8
Karnataka,4.2,16.5,89.6,72.6,0.2,12.1,6.9,33.1,9.2,1,0,0.2,14.4,24.4,978,25.4
Karnataka,12.3,20.2,0,71.1,0,0,0,0,0,0,0,0,0,0,906,24.1
Karnataka,3.2,12.8,92,83.6,0.5,27.9,8.6,22.2,8.7,2.3,0.8,0.2,19.5,33.3,1168,21.2
Karnataka,4.8,10.6,0,78.3,0,0,0,0,0,0,0,0,0,0,1114,24.8
Karnataka,9,26.7,92.8,71.6,0.2,12.8,8.7,19.2,13,0.3,0.4,5,17.9,27.9,1030,21.8
Karnataka,6.8,19.4,0,69.9,0,0,0,0,0,0,0,0,0,0,961,23.6
Karnataka,8.5,27.1,78,63.9,0.2,13,5.1,34.1,19.9,1.2,0.4,0.5,14.2,22.2,994,28.8
Karnataka,9.7,35.9,0,63.8,0,0,0,0,0,0,0,0,0,0,980,29.5
Karnataka,5.9,13.1,89.8,67.7,0,19.1,6.2,20.1,5.3,0.7,0.4,0,20.6,29.8,1122,18.1
Karnataka,8.5,22.2,0,65.2,0,0,0,0,0,0,0,0,0,0,1048,21.1
Karnataka,7,17.5,85.3,72.4,0.3,22.2,6.8,22.7,6.7,1.6,1,0.9,18.1,27.4,1077,20.7
Karnataka,17,22.2,0,71.3,0,0,0,0,0,0,0,0,0,0,1008,22.9
Karnataka,8.9,21.9,70.9,55.3,0.5,15.8,4.3,28.4,13.5,0.9,0.4,0.8,10.4,16.7,1033,29.3
Karnataka,3,26.3,0,54.6,0,0,0,0,0,0,0,0,0,0,1036,30.3
Karnataka,5.7,11.8,90,68.8,0.7,17.9,7.9,25.9,3.6,0.5,0.3,0.3,17.8,29.9,1064,18.1
Karnataka,8.3,21,0,63.8,0,0,0,0,0,0,0,0,0,0,1016,20.7
Karnataka,2.4,11.1,83.9,78.8,0.2,18.5,7.1,32,11.3,1.4,0.3,0.4,19.3,28.7,1010,22.9
Karnataka,7.6,8,0,76.3,0,0,0,0,0,0,0,0,0,0,1041,22.7
Karnataka,4.7,24.8,92.8,72.3,0.2,18.8,9.4,26.7,9.8,0.8,0.2,0.5,22.3,34,1085,21.2
Karnataka,5.2,17.1,0,69.3,0,0,0,0,0,0,0,0,0,0,1003,20.8
Karnataka,0.7,4.4,85.4,82,1.1,15.6,9.1,17.4,7,1,0.2,0.3,18.4,32.5,1148,19.5
Karnataka,1.8,6.3,0,80.1,0,0,0,0,0,0,0,0,0,0,1137,19.8
Karnataka,1.3,11.6,87.3,81.1,0,12.3,6.8,26.1,10.5,0.3,0,0,14.7,25.1,1011,18.2
Karnataka,6.9,15.2,0,80.7,0,0,0,0,0,0,0,0,0,0,1056,23.1
Karnataka,6.9,33.2,74.2,51.9,0.2,19.4,4.5,31.8,14.6,1.1,0.1,0,11.2,18,1020,29.2
Karnataka,8.6,29.6,0,47.8,0,0,0,0,0,0,0,0,0,0,977,31.1
Kerala,2.9,3.8,100,97.8,0.7,29,7.7,18.3,1.8,0.2,2.6,4.7,20.5,36.2,1108,16.6
Kerala,2.1,1.2,0,97.2,0,0,0,0,0,0,0,0,0,0,1101,17.5
Kerala,0,2.9,98.7,97.2,0.7,25,5.5,15.3,1.4,0.5,2,2.9,18.1,30.2,1046,18.8
Kerala,2.4,0,0,97.7,0,0,0,0,0,0,0,0,0,0,1076,18.8
Kerala,2.7,7.1,97.6,93,0.6,24.1,7.9,24.8,3.7,0.4,2.6,3.5,18.2,31.8,1029,19
Kerala,0,3.7,0,92.5,0,0,0,0,0,0,0,0,0,0,965,17.8
Kerala,2.4,5.4,98.5,96.7,0.3,14.1,5.8,12.9,1.7,0.1,2.1,2.9,23.3,34.8,1203,23.9
Kerala,3.4,10.2,0,96.3,0,0,0,0,0,0,0,0,0,0,1092,21
Kerala,3.7,4.7,95.5,90.8,0.6,14.9,4.6,14.2,3.5,0.1,1.7,3.5,15.9,26,1134,24.1
Kerala,3.3,4,0,88.8,0,0,0,0,0,0,0,0,0,0,1041,22.5
Kerala,0,1.8,96.2,96.6,0.5,22.3,8.2,21.5,1.6,0.2,2.2,4.5,18.6,35.3,1171,18.9
Kerala,0.8,3.7,0,96.8,0,0,0,0,0,0,0,0,0,0,1043,20
Kerala,2.8,1.6,97.6,97.9,1.5,27.4,9.2,18.3,1.7,0.6,3,2.6,21,38.8,1071,18.8
Kerala,0,1.3,0,98.7,0,0,0,0,0,0,0,0,0,0,1029,16.7
Kerala,3.8,4.2,98.6,97.7,1.1,13.5,4,11.3,0.8,0,1.6,2.3,18.9,28.4,1112,19.9
Kerala,3.5,7.1,0,96.2,0,0,0,0,0,0,0,0,0,0,1033,20.2
Kerala,2.6,15.3,97.3,94.9,0,7.7,4.9,12.5,1.5,0.2,0.4,1.4,18.5,27.4,1101,27
Kerala,4,23.3,0,94.7,0,0,0,0,0,0,0,0,0,0,999,25.9
Kerala,4.4,14.1,95.4,89.6,0.6,23.1,8.5,22.5,5.1,0.4,1.1,3.7,22.4,35.3,1148,19.3
Kerala,5.8,12.5,0,92.2,0,0,0,0,0,0,0,0,0,0,972,20.1
Kerala,0,0,95.1,97.7,0.8,23.8,9.2,22.3,1.5,0.2,4.1,7.7,24,41.9,1174,16.4
Kerala,1.5,1.2,0,97,0,0,0,0,0,0,0,0,0,0,1105,16.7
Kerala,4.6,6.2,94.2,94.5,1.2,15.2,6.9,15,0.8,0,6.8,6.7,14.5,32.1,1145,20.3
Kerala,3.5,2.6,0,95,0,0,0,0,0,0,0,0,0,0,1122,19.7
Kerala,1,1,100,97.8,0.9,26.2,8.2,17.8,2.3,0.2,2.8,3,18.1,36.8,1167,18.8
Kerala,2.8,2.3,0,96.5,0,0,0,0,0,0,0,0,0,0,1075,18.3
Kerala,2.6,8.4,97.1,88.2,0.2,23.2,7.4,26,10.6,1.2,1.2,1.5,17.7,28.3,1019,21.2
Kerala,2.1,13.8,0,88.9,0,0,0,0,0,0,0,0,0,0,1065,21.9
Ladakh,0,2.5,71.6,69.6,0.2,6.8,3.8,31.9,1.9,1.4,0.4,0.4,13.2,20.1,975,24.5
Ladakh,0.6,4.6,0,64.3,0,0,0,0,0,0,0,0,0,0,970,32.1
Ladakh,0,2.5,77.7,66.3,0.2,40.6,0.8,39.5,4.4,6.1,0,0.2,9.2,14.7,967,21
Ladakh,1.7,5.2,0,60.4,0,0,0,0,0,0,0,0,0,0,1035,23.3
Madhya Pradesh,5.3,35.6,84,56.3,0.3,8.2,3.7,37.6,2.6,0.5,0.3,0.3,20.2,25.2,919,23.6
Madhya Pradesh,5.9,30.7,74.5,45.4,0,37.4,5.6,46.3,10.6,7,0,0,21.7,27.7,1008,34.8
Madhya Pradesh,13.5,37.9,0,35.9,0,0,0,0,0,0,0,0,0,0,1023,40
Madhya Pradesh,4.8,18.6,78.4,65,0,36.2,6.5,53.8,16.7,3.7,0,0.5,18.8,26.4,1008,24.1
Madhya Pradesh,8,29.8,0,63.8,0,0,0,0,0,0,0,0,0,0,996,30.1
Madhya Pradesh,7.7,29.7,78.7,62.4,0.2,12.2,5.4,46.8,8.4,0.5,0,1.5,13.4,19.8,935,28.6
Madhya Pradesh,9.9,35.4,0,58.6,0,0,0,0,0,0,0,0,0,0,889,32.5
Madhya Pradesh,0.6,4.4,93.3,72.8,0.1,27.2,3.2,49.9,20.2,2.8,0,0.2,17.7,21.9,1037,23.1
Madhya Pradesh,2.2,8.6,0,73.9,0,0,0,0,0,0,0,0,0,0,1067,28
Madhya Pradesh,9,29.6,79.4,54.1,0.7,21.9,4.7,43.8,9.9,1.4,0.5,1,19.3,25,997,33.3
Madhya Pradesh,14.8,43.1,0,51.5,0,0,0,0,0,0,0,0,0,0,1009,36.5
Madhya Pradesh,2.4,11.2,80.1,71.2,0.2,20.5,4.7,45.7,11.9,3.1,0.2,0.4,15.6,21.6,993,24.3
Madhya Pradesh,4.9,12.9,0,69,0,0,0,0,0,0,0,0,0,0,1010,26.9
Madhya Pradesh,5.5,25.1,79.3,66.9,0.6,6.7,4.3,37.9,5.6,0.4,0.2,0.4,12,17,979,28.5
Madhya Pradesh,6,33.4,0,62.7,0,0,0,0,0,0,0,0,0,0,855,29.9
Madhya Pradesh,3.7,11.3,88.1,78.3,0,14.5,5.1,32.9,8.5,0.2,0,0,18.5,24.9,927,22.5
Madhya Pradesh,2.1,14.7,0,77.4,0,0,0,0,0,0,0,0,0,0,899,26.3
Madhya Pradesh,1.8,17.8,77.1,69.8,0.2,13.7,3.5,35.4,9.5,1,0.2,0.9,10.7,15.9,941,27.9
Madhya Pradesh,7,26.6,0,64.3,0,0,0,0,0,0,0,0,0,0,951,30.6
Madhya Pradesh,6.6,39.2,57.6,65.1,3.2,17.5,3.4,60.5,10.8,0.5,3.4,3.9,12.9,17.5,929,29.6
Madhya Pradesh,8.2,47.3,0,58.4,0,0,0,0,0,0,0,0,0,0,919,33.8
Madhya Pradesh,3.3,11.6,92.3,73.1,0.2,21.8,6,49,21.1,2.3,0,0.2,14.4,22.6,1032,22.5
Madhya Pradesh,8.1,18.1,0,67.6,0,0,0,0,0,0,0,0,0,0,950,25.9
Madhya Pradesh,5.9,28.6,55.2,70.3,0,15.2,5,55.4,16.1,0.1,0.2,0.5,14.6,21.4,953,28.4
Madhya Pradesh,7.8,40,0,65.9,0,0,0,0,0,0,0,0,0,0,917,30
Madhya Pradesh,6,27.7,82.4,67.4,1.1,9.4,4.4,44.7,6.7,0.2,0.7,0.7,14.1,19.7,916,24.1
Madhya Pradesh,7.8,38.8,0,62.1,0,0,0,0,0,0,0,0,0,0,893,29.1
Madhya Pradesh,2.2,28.1,72.4,68.6,0.8,15.4,9,42.1,7.3,0.5,0,0.2,18.3,28.6,946,25
Madhya Pradesh,9.4,37.4,0,63.6,0,0,0,0,0,0,0,0,0,0,964,29.7
Madhya Pradesh,7.7,26.5,76.7,59.5,1,25.7,3.8,44.1,7.4,3.9,0.7,0.7,14.9,19.8,991,26.9
Madhya Pradesh,9.9,32.4,0,56.7,0,0,0,0,0,0,0,0,0,0,988,31
Madhya Pradesh,8.7,21.1,79.8,64.8,0.2,36,6.3,60.6,22.8,6.8,0.2,0.2,21,27.7,1037,27.2
Madhya Pradesh,10.3,37.2,0,59.4,0,0,0,0,0,0,0,0,0,0,1004,31.5
Madhya Pradesh,5.5,28.1,79.6,61.4,0.2,12.8,4.2,42.1,6,0.4,0.2,0.4,12.8,18.2,907,28.6
Madhya Pradesh,9.7,36.3,0,57.8,0,0,0,0,0,0,0,0,0,0,916,32.2
Madhya Pradesh,3.3,11.8,81.5,72.2,1.5,11.3,6.3,30.2,4.6,0.2,0,0.2,16.9,25.1,902,24.4
Madhya Pradesh,3.8,21,0,68.8,0,0,0,0,0,0,0,0,0,0,887,28.1
Madhya Pradesh,3.9,10,75.6,74.1,0.3,16,5.4,49,8.6,0.7,0,0.2,13.6,20.9,962,24.3
Madhya Pradesh,4.2,25.8,0,65.8,0,0,0,0,0,0,0,0,0,0,922,29.7
Madhya Pradesh,5.2,16.7,71.7,74,0.4,15.7,8.5,50.4,21.4,1.2,0.4,1.2,18.9,29.9,951,24.7
Madhya Pradesh,2.5,18.3,0,70.7,0,0,0,0,0,0,0,0,0,0,928,26.2
Madhya Pradesh,4.2,21.7,81.3,78,1.5,14.4,4.3,36.3,4.6,0.2,1.5,2.2,15.2,21.3,987,23.8
Madhya Pradesh,5.1,23.4,0,75.3,0,0,0,0,0,0,0,0,0,0,895,27.6
Madhya Pradesh,13.6,7.2,0,70,0,23.5,5.5,56.6,18.2,0.3,0,0,12.2,20.1,965,23.4
Madhya Pradesh,4,15.3,0,76.8,0,0,0,0,0,0,0,0,0,0,955,26.1
Madhya Pradesh,6.7,36.5,75.4,45.9,1.1,22,5,35.2,4.2,1.1,0.7,1.6,18.2,23.7,1061,38.9
Madhya Pradesh,24,54.5,0,36.4,0,0,0,0,0,0,0,0,0,0,969,41.2
Madhya Pradesh,1.7,17.2,60.3,71.4,0,18.8,3.2,57.4,11.7,0.4,0.4,0,16.5,20.8,979,25.3
Madhya Pradesh,4.3,31.1,0,68.4,0,0,0,0,0,0,0,0,0,0,996,29.2
Madhya Pradesh,2.8,10.8,89.3,67.1,0.3,14.8,3.8,44.9,6.9,0.4,0.4,0,12.6,17.6,999,26
Madhya Pradesh,6.1,18.7,0,63.4,0,0,0,0,0,0,0,0,0,0,949,30.9
Madhya Pradesh,6.8,13.3,78.8,62.1,0.3,16.6,6.5,43,8.5,1.1,0.3,0.1,17.6,24.9,936,25.9
Madhya Pradesh,7,25.9,0,60.1,0,0,0,0,0,0,0,0,0,0,964,28.4
Madhya Pradesh,2.6,15,86.7,68.3,0.2,28.6,7.2,57.5,29.5,3.6,0,0.2,21.8,30.4,1052,25.1
Madhya Pradesh,8.8,28.9,0,63.8,0,0,0,0,0,0,0,0,0,0,1053,29.9
Madhya Pradesh,6.1,34.8,87.2,63.1,0.6,11.3,10.2,35.3,2.3,0.3,0.2,0.4,24.5,36.2,974,22.9
Madhya Pradesh,4.4,54,0,60.2,0,0,0,0,0,0,0,0,0,0,983,28.1
Madhya Pradesh,6.7,27.8,77,67,0.4,6.9,4.2,39.3,4.9,0.2,0,0,13.6,19.1,964,31.1
Madhya Pradesh,5.5,27.9,0,61.5,0,0,0,0,0,0,0,0,0,0,895,30.9
Madhya Pradesh,6.5,19.6,79.4,73.8,0,15.7,5.6,55.2,27.2,0.3,0,0.4,16.9,24.4,950,24.3
Madhya Pradesh,11.1,28.9,0,70.6,0,0,0,0,0,0,0,0,0,0,901,26.4
Madhya Pradesh,4.1,29.3,78.5,64.1,0,9.1,7.1,31.1,3,0.4,0.2,0.3,19.5,28.5,982,23.8
Madhya Pradesh,4.2,37.6,0,60.4,0,0,0,0,0,0,0,0,0,0,978,27.4
Madhya Pradesh,8,22.8,38.7,63.7,0,14.1,3.8,55.5,13.6,0.3,0,0.5,9.4,14.4,956,27.5
Madhya Pradesh,7.2,30.6,0,61.6,0,0,0,0,0,0,0,0,0,0,924,32
Madhya Pradesh,1.7,12.6,77,73.3,0.9,12.7,4.1,52.1,9.7,0.2,0,1,15,21.2,900,26.1
Madhya Pradesh,7.3,28.9,0,70.3,0,0,0,0,0,0,0,0,0,0,903,30.6
Madhya Pradesh,5.4,46,66.6,58.9,0.4,10.4,7.1,48.8,7.5,0.5,0.4,0.9,15.3,24,969,26.5
Madhya Pradesh,6.7,47.8,0,55.1,0,0,0,0,0,0,0,0,0,0,956,29.5
Madhya Pradesh,7.6,31.3,81.2,66.2,0.2,15.6,5.4,33.9,3.9,0.2,0.2,0.2,18.3,24,991,28.2
Madhya Pradesh,8.3,47.8,0,60.1,0,0,0,0,0,0,0,0,0,0,975,30.4
Madhya Pradesh,4.8,28.2,55.1,65.2,0.2,17.6,4.2,55.3,7.6,0.6,0,0.3,14.9,20.1,1055,28.6
Madhya Pradesh,4.3,37.3,0,64.8,0,0,0,0,0,0,0,0,0,0,995,33.4
Madhya Pradesh,6.4,21.4,64.1,76.4,3.5,15.7,6.8,51.6,10.6,0.3,3.3,4.2,17.7,26.4,937,26.9
Madhya Pradesh,11.1,38.1,0,71.3,0,0,0,0,0,0,0,0,0,0,939,32.7
Madhya Pradesh,0.7,12.9,44.2,71.9,3.3,21.7,3.1,55.9,6.3,0.1,2.8,3,11.7,16.3,1014,27.5
Madhya Pradesh,4.4,37.4,0,66.5,0,0,0,0,0,0,0,0,0,0,993,30.7
Madhya Pradesh,4.2,21.7,66.2,68.5,1.5,10.5,7,47.1,9.7,0.3,0.8,1.4,17.9,26.6,894,25.6
Madhya Pradesh,4.3,37.3,0,58.2,0,0,0,0,0,0,0,0,0,0,927,29.2
Madhya Pradesh,4.7,11.2,80.3,71.3,0,23.3,6.8,57.2,30.6,1.8,0,0,16.9,25.7,1089,24.2
Madhya Pradesh,3.8,17.3,0,68.6,0,0,0,0,0,0,0,0,0,0,1031,28
Madhya Pradesh,5.8,27.5,87.3,67.2,0,26.2,6.4,46.4,8.6,2.3,0,0,15.5,23.2,979,24.7
Madhya Pradesh,7.3,40.1,0,59.8,0,0,0,0,0,0,0,0,0,0,973,29.4
Madhya Pradesh,5.9,24.4,67.7,62.6,0.9,11.6,7.2,46.6,5.3,0.3,0.7,1,17.5,26.1,957,25
Madhya Pradesh,5.2,39.5,76.8,53.1,0.2,12.9,7.4,53.4,13.9,0.3,0,0,17.5,25.7,963,31
Madhya Pradesh,3.6,37.5,0,52.1,0,0,0,0,0,0,0,0,0,0,945,34
Madhya Pradesh,6.7,32.5,79.5,61.4,0,12.2,3.1,43.4,7.5,0.2,0,0.9,11.2,15.7,898,27.8
Madhya Pradesh,8.6,36.9,0,55.8,0,0,0,0,0,0,0,0,0,0,910,31
Madhya Pradesh,3.6,23,60.4,66.7,0,22,5.2,54.5,7.4,0.7,0,0,19.9,26,1053,30.7
Madhya Pradesh,6.6,44.5,0,62.8,0,0,0,0,0,0,0,0,0,0,1005,35.5
Madhya Pradesh,4.4,24.7,84.9,60.9,0,25.5,7,46,5.8,1.2,0.3,0.6,18.5,25.9,915,29.5
Madhya Pradesh,11.7,38.4,0,58.3,0,0,0,0,0,0,0,0,0,0,984,35.5
Madhya Pradesh,5.4,32.6,78.4,66.8,1.6,14.4,2.1,53.9,5.6,0.3,0,0,10.5,12.9,912,26.6
Madhya Pradesh,17.1,49.5,0,58.6,0,0,0,0,0,0,0,0,0,0,909,32.2
Madhya Pradesh,5.1,33.4,86.3,68.9,0.4,15.7,6.1,38.1,4.7,0.8,0.2,0.7,17.3,25,957,23.7
Madhya Pradesh,9.5,45.5,0,63.9,0,0,0,0,0,0,0,0,0,0,968,28.9
Madhya Pradesh,4.7,21.2,66,68,0.8,29.8,3.8,59.1,13.9,2,0.4,0.9,17.5,22.1,1026,26.1
Madhya Pradesh,8.2,37,0,61.6,0,0,0,0,0,0,0,0,0,0,1006,31.5
Maharashtra,10.8,26.9,85.7,77.4,0.2,10.5,6.3,37.7,14.7,0.2,0.2,1.3,16,25.3,967,23
Maharashtra,13.2,39,0,75.4,0,0,0,0,0,0,0,0,0,0,905,25.8
Maharashtra,5.7,13.5,94.4,86.3,0.5,12.9,4.2,44,10.4,0.2,0.4,1.6,12.6,19.1,951,23.5
Maharashtra,6.5,13.2,0,85.2,0,0,0,0,0,0,0,0,0,0,975,24.7
Maharashtra,3.6,9.8,89.5,86.2,0,18.4,4.1,40.8,9,0.9,0,0.5,12,18.7,994,21.1
Maharashtra,4.3,14,0,83,0,0,0,0,0,0,0,0,0,0,979,22.9
Maharashtra,12.4,35.8,83.2,78.4,0.4,13.7,4,33.8,7.9,0.2,0.2,2.5,14.3,20.9,978,27.4
Maharashtra,14.9,46.2,0,72.6,0,0,0,0,0,0,0,0,0,0,923,28.6
Maharashtra,3,1.5,94.4,80.3,0.5,26,4.1,60.7,19.7,1.3,0.2,0.7,11.4,19.3,1004,22.5
Maharashtra,2,4.5,0,81.1,0,0,0,0,0,0,0,0,0,0,1020,23.6
Maharashtra,15.2,43.7,68.1,64.6,0.7,9.8,5.9,37.8,6,0.5,0.8,4.9,16.9,24.1,934,24
Maharashtra,18.2,51.3,0,62.6,0,0,0,0,0,0,0,0,0,0,933,27.7
Maharashtra,5.7,24.1,91.5,78.1,0.4,14.3,3.5,42.5,12,0.2,0,1,14.2,20.5,957,24
Maharashtra,8.3,37.7,0,75.2,0,0,0,0,0,0,0,0,0,0,953,26.9
Maharashtra,3.1,9,92.4,78.9,0.6,20.8,4.1,49.1,11.3,0.5,0.2,1,14,20.6,974,19.6
Maharashtra,5.4,19.6,0,72.9,0,0,0,0,0,0,0,0,0,0,961,23.3
Maharashtra,15,40.5,87.1,73.5,0.2,12.2,5.3,38.2,15.6,0.5,0.3,0.4,15.8,25.1,999,27.3
Maharashtra,12.4,34,0,68.1,0,0,0,0,0,0,0,0,0,0,920,28
Maharashtra,5.1,10.1,92.2,67.1,0.9,34.7,3.7,61.4,26.5,3.1,0.9,1.1,11.1,17.2,1048,22.7
Maharashtra,1.5,8.8,0,65.5,0,0,0,0,0,0,0,0,0,0,968,22
Maharashtra,0,6.5,90.7,80.4,0.7,22.6,5,55.1,17.2,0.4,0.6,0.9,10.9,18.9,994,21.6
Maharashtra,4.4,5.7,0,77.3,0,0,0,0,0,0,0,0,0,0,1037,23.3
Maharashtra,14.4,37.1,79.3,69.4,0,11.8,3.8,32.7,7.8,0.2,0,0.7,11.4,17.4,962,24.8
Maharashtra,15.3,41.2,0,67,0,0,0,0,0,0,0,0,0,0,1002,28.2
Maharashtra,10.7,28,94,77.5,0.2,12.3,6.2,37.7,12.6,0.5,0.3,0.4,15.6,24.4,983,25.1
Maharashtra,13.8,34.2,0,75.4,0,0,0,0,0,0,0,0,0,0,914,25.1
Maharashtra,10.1,35,75,67.6,1.9,11.3,3.3,32.5,7,0.2,1.4,2.4,17.9,24.8,948,26.9
Maharashtra,21.5,49.9,0,65.2,0,0,0,0,0,0,0,0,0,0,950,29
Maharashtra,8.8,21,98.2,80.2,8.3,10,7.1,25.8,9.6,0,8.5,9.4,19.1,33.2,1025,20.7
Maharashtra,9.5,30.9,0,77.3,0,0,0,0,0,0,0,0,0,0,978,22
Maharashtra,14.2,31,81.7,70.6,0.4,14.2,4.2,37.5,3.7,0.2,0.5,0.9,13.7,19.6,979,23.7
Maharashtra,13.4,37.1,0,67.8,0,0,0,0,0,0,0,0,0,0,966,27.2
Maharashtra,1,4.5,100,92.5,0.2,16,3.3,20.3,5.3,1.1,0,1,16.9,23.3,939,16.2
Maharashtra,0,10.3,0,87.2,0,0,0,0,0,0,0,0,0,0,906,19.6
Maharashtra,1.5,10,92.7,88.5,2.1,10,4.6,20,5.9,0.3,2.1,3.2,18,28,921,20.2
Maharashtra,9.9,17.8,0,82.9,0,0,0,0,0,0,0,0,0,0,869,22.4
Maharashtra,0.9,7.1,92.4,86.5,0.7,17.8,2.4,40.2,5,0.4,0.3,0.8,13.2,18.3,971,20.9
Maharashtra,1.6,7,0,86,0,0,0,0,0,0,0,0,0,0,1004,20.9
Maharashtra,8.7,32.2,75.6,68.1,0,14.1,4.2,36.7,5.7,0.2,0.2,1.6,10.2,17.3,970,24.8
Maharashtra,11.8,43.1,0,68.5,0,0,0,0,0,0,0,0,0,0,1000,29.6
Maharashtra,10.6,24,84.2,63.5,0.4,13.1,4.7,42.6,26.7,2.8,1.2,0.7,17.8,24.6,961,26.6
Maharashtra,10.1,22.9,0,54.8,0,0,0,0,0,0,0,0,0,0,1019,30.7
Maharashtra,14,29.6,94.2,78.2,0,12.2,7.2,35,15.4,0.2,0.2,0.4,16.6,26.1,913,25.5
Maharashtra,8.3,32,0,80.4,0,0,0,0,0,0,0,0,0,0,1000,28
Maharashtra,16.1,36.6,88.7,71.3,0,12.4,6.4,44.2,8,0.3,0,4.3,18.1,26.2,992,24.7
Maharashtra,11,31.1,0,68.1,0,0,0,0,0,0,0,0,0,0,961,25.4
Maharashtra,13.7,48,74.4,67.1,0.2,13.8,3.7,37.7,7,0.1,0.9,3.8,13.5,21.6,966,29.5
Maharashtra,11.2,44.5,0,65.2,0,0,0,0,0,0,0,0,0,0,1006,29.7
Maharashtra,3.3,24,93,84.8,0.9,11.6,6.4,27.9,11.7,0.2,2.3,3.8,16.1,25.8,918,22.8
Maharashtra,5.5,24.5,0,82.3,0,0,0,0,0,0,0,0,0,0,924,21.5
Maharashtra,1.2,4.4,95.5,80.3,0.2,13,8.7,31.3,18.4,0.5,0.4,1.4,21.1,33.9,1069,16.3
Maharashtra,2.3,8.6,0,77.3,0,0,0,0,0,0,0,0,0,0,1134,23
Maharashtra,10.4,27,94.6,80.4,4.1,7.7,5.9,31.5,11.4,0.2,4.1,3.9,21.6,32,1027,21.4
Maharashtra,13,27,0,79.8,0,0,0,0,0,0,0,0,0,0,1005,23.5
Maharashtra,7.7,18.1,87.1,78.5,0,11.7,8.5,40.6,29.5,0.5,0.5,1.2,17.7,29.8,1049,20.6
Maharashtra,5.1,22.7,0,76.7,0,0,0,0,0,0,0,0,0,0,1034,22.7
Maharashtra,1.1,5,95.5,83.1,0.4,8.5,6.7,26.8,11.5,0.1,0.6,1.9,24,37.9,1035,16.2
Maharashtra,1.2,8.3,0,81.7,0,0,0,0,0,0,0,0,0,0,1001,19.1
Maharashtra,18.6,40.3,90.8,72,0.5,13.1,5,39.2,10.2,0.3,0.3,1.3,18.9,26.2,962,25.7
Maharashtra,16.2,35.6,0,71.9,0,0,0,0,0,0,0,0,0,0,963,25.3
Maharashtra,4,18.4,91.1,86.1,4.8,15.6,7.1,24.2,6.9,0.4,3,4.3,19.2,29.7,982,22.5
Maharashtra,2.2,9,92,85.1,0.2,24.6,1.8,52.6,9.5,0.6,0,0.4,10,14,979,20.4
Maharashtra,2.6,7.7,0,82.4,0,0,0,0,0,0,0,0,0,0,947,21.1
Maharashtra,14.3,27.7,85.3,76,0.9,11.3,3.2,39.1,14.3,0.4,0.6,1.8,16.2,21,948,22
Maharashtra,7.5,26.9,0,75.7,0,0,0,0,0,0,0,0,0,0,949,26.3
Maharashtra,4.4,11.7,79.6,77.6,0,20.1,4,46.6,12.3,0.7,0.4,1.3,12.3,18.2,986,22.1
Maharashtra,7,20.8,0,76.1,0,0,0,0,0,0,0,0,0,0,969,24.7
Manipur,5.1,20.9,24.4,81.5,0.2,44.3,8.6,60.2,48.8,0.8,1.1,1.7,18,31.3,1094,26.4
Manipur,9.1,14.7,0,79.9,0,0,0,0,0,0,0,0,0,0,1032,27.7
Manipur,9.9,22.3,53.7,76.9,0.1,39.1,7.7,64.7,47.9,1.2,0,1.1,19.8,28.2,1077,29.8
Manipur,5,18.6,0,77.1,0,0,0,0,0,0,0,0,0,0,1062,33.6
Manipur,7.5,10.5,52.5,84,0.4,38.1,5.8,73.8,62.1,1.2,0.5,0.6,17,25.2,1144,34.1
Manipur,2.7,13.8,0,79.7,0,0,0,0,0,0,0,0,0,0,997,34.6
Manipur,9.5,15.2,32.8,87.2,1.9,36.1,9.8,53.5,39.6,0.8,3.3,2.3,21.6,36,1059,26
Manipur,10.7,13.2,0,83.1,0,0,0,0,0,0,0,0,0,0,1057,28.6
Manipur,10.9,15.3,49.6,89,1.9,39.3,10.1,52.3,38,0.5,2,2.5,24.5,38.4,1041,24.8
Manipur,4.4,9.5,0,87,0,0,0,0,0,0,0,0,0,0,1095,26.7
Manipur,6.3,15.5,75.4,79.6,0,35.1,9.5,63.7,46.1,1.2,0.7,1.5,18,28.2,1053,33
Manipur,9.4,20.3,0,80.1,0,0,0,0,0,0,0,0,0,0,986,33.6
Manipur,10.2,19.9,51.8,78.4,0.3,33.9,7.5,52.2,17.2,2.2,0.7,2.2,21.1,29.4,1032,33.2
Manipur,9,18.2,0,72.7,0,0,0,0,0,0,0,0,0,0,1031,35.9
Manipur,7.5,17.5,40.4,79.9,0.2,34.1,10.5,58.5,47.9,1,0.7,2.9,20.4,33.4,1095,28.5
Manipur,9.1,13.9,0,77.5,0,0,0,0,0,0,0,0,0,0,1062,29.3
Manipur,9.8,11.1,49.1,83.7,0.3,36.4,7.1,69.1,32.9,0.9,0,2,17.3,25,969,30.9
Manipur,3.9,15.3,0,83.3,0,0,0,0,0,0,0,0,0,0,984,34.1
Meghalaya,2.2,13.7,45.9,90.9,1.1,36.8,4.4,54,6.3,0.9,0.2,0.2,16.4,23.2,1026,31.1
Meghalaya,14.4,25.3,43.5,76,0.6,42,4.3,68.5,49.2,3.6,0,0.7,11.1,17.2,1066,46.1
Meghalaya,8.2,14.6,55.3,88.7,0.8,24,4.3,51.9,29.8,1.2,1.3,1.3,14.5,25,1049,34.3
Meghalaya,6,8.8,0,90.3,0,0,0,0,0,0,0,0,0,0,1027,34
Meghalaya,3.7,13.2,43.8,91.3,0.2,40.2,5.3,54.1,3.8,2.2,0,0,15.7,25.4,1009,29.2
Meghalaya,6.8,20.3,51.1,85.3,0.4,30.9,2.9,60.4,34.1,0.7,0.4,0.6,12.3,16,998,40.4
Meghalaya,10.9,20.6,0,79.3,0,0,0,0,0,0,0,0,0,0,1007,40
Meghalaya,1.1,10.2,53.8,89.2,0,33.1,3.3,50.7,9.7,1.4,0,0.2,16.6,22.8,984,31.4
Meghalaya,5.1,10.2,0,86.2,0,0,0,0,0,0,0,0,0,0,1021,31.4
Meghalaya,6.3,15.3,71.4,81.7,0,30.6,2.7,52.4,11.1,1.2,0,0,14.5,20,995,30.3
Meghalaya,13.2,21.6,49.5,84.6,0.2,31.7,5.2,63.7,50,1.1,0,0.2,12.8,19,1025,46.7
Meghalaya,1,10.4,65.8,88.7,0,38.8,3.4,58.3,17.6,2.1,0.2,0,17.2,24.7,1025,30.8
Meghalaya,11.9,19.9,55.7,73.8,0.4,36.9,3.2,64.7,44.8,1.3,0.1,0.5,8.6,15.5,1143,44.8
Meghalaya,12.9,30.3,49,85.1,0.2,34.4,3.8,73.3,50.2,1.6,0,0.8,11.8,16.4,1038,50.6
Mizoram,2,3.2,86.2,97.8,1.6,25.8,6.8,68.7,54.7,1,4.7,10.8,19.8,33.6,1052,25.1
Mizoram,6.9,5.7,0,95.9,0,0,0,0,0,0,0,0,0,0,1064,27.6
Mizoram,4.6,11,98.3,93.3,0.2,21.3,3.9,74.5,66.7,1.6,0.6,3.7,13.9,19.6,944,27.2
Mizoram,7.7,17.9,0,94.6,0,0,0,0,0,0,0,0,0,0,1009,32.6
Mizoram,2.2,13.7,96.3,93.9,0.7,21.7,5.7,75.3,70.6,0.9,1.9,6.3,16.9,24.3,1002,28.6
Mizoram,7.8,15.5,0,92.8,0,0,0,0,0,0,0,0,0,0,992,30.7
Mizoram,9.2,16,85.4,79.9,0.5,27.2,5.4,77.2,65.4,0.9,1.5,2.7,12.9,20.3,1051,32.8
Mizoram,6.6,15,0,71,0,0,0,0,0,0,0,0,0,0,996,34.2
Mizoram,3.8,4.8,86.6,89.8,0.2,19.2,5.2,75,62.8,0.9,0.4,2.2,12.7,20,1004,24.6
Mizoram,10.1,17.2,0,91.7,0,0,0,0,0,0,0,0,0,0,944,28.2
Mizoram,10.3,16.8,88.4,90.7,0.8,26.2,3.1,80.6,70.2,0.4,2.4,4.9,16.5,21,991,30.7
Mizoram,5.7,17.8,0,82,0,0,0,0,0,0,0,0,0,0,960,33
Mizoram,4.7,11.8,75.3,92.2,0.7,21,5.2,73.7,70,0.6,1.8,4.9,16.2,22.9,994,31.7
Mizoram,4.1,12.1,0,90,0,0,0,0,0,0,0,0,0,0,995,34
Mizoram,3,7.2,93.4,96.8,0.8,22.4,3.1,74.2,62.7,0.4,1.5,8,12.5,17.7,981,29
Mizoram,6.6,7.3,0,95.9,0,0,0,0,0,0,0,0,0,0,945,31
Nagaland,3.3,4.4,61.6,89.8,0.7,25.7,6.9,44,16.4,1.7,0,0.2,12,20.8,1010,24.5
Nagaland,7.8,19.4,0,83.7,0,0,0,0,0,0,0,0,0,0,1033,30.7
Nagaland,9,22.5,28.1,77.4,0.9,15.8,5.2,44.2,10.1,1,1.1,1.2,15.3,22,954,32.4
Nagaland,3.5,16.8,0,78.3,0,0,0,0,0,0,0,0,0,0,964,37.5
Nagaland,1.3,1,42.8,90.4,0.4,27.4,11.2,47.9,14.4,1.2,0.4,0.1,19.8,31.1,954,18.7
Nagaland,2.7,2.4,0,86.2,0,0,0,0,0,0,0,0,0,0,1000,28.8
Nagaland,6.5,11,12.7,81.2,0.7,24,8.7,54,7.9,0.5,0.6,0.8,20.5,30,969,28.8
Nagaland,8.6,25.4,0,80.6,0,0,0,0,0,0,0,0,0,0,847,31.7
Nagaland,0.7,6,29.7,88,0,23.4,6.9,53,22.2,0.4,0.4,0,21.6,28.9,1041,20.4
Nagaland,0,3.2,0,90,0,0,0,0,0,0,0,0,0,0,926,21.2
Nagaland,2.8,3,50.9,79.4,0,23.7,10,52.4,6.9,0.2,0.3,0.3,25.3,35.7,1006,23.5
Nagaland,7.7,16.5,0,70.4,0,0,0,0,0,0,0,0,0,0,910,35.6
Nagaland,4.4,9.1,19.3,81.1,0.2,26.1,7.2,49.2,13.4,1.4,0.2,0.3,19.7,27.7,1079,28.5
Nagaland,8.9,26,0,78.9,0,0,0,0,0,0,0,0,0,0,992,38.3
Nagaland,4.3,6.5,31.2,80.5,0,24.1,12.2,45.5,9.9,0.9,0,0,21.1,33.8,1021,24.3
Nagaland,5.5,9,0,74.8,0,0,0,0,0,0,0,0,0,0,957,35.2
Nagaland,6.7,10.4,26.5,80.5,0.5,18.5,6.8,50.2,14.9,0.6,0.7,0.9,17.1,24.3,946,32.8
Nagaland,5.7,12.6,0,78.6,0,0,0,0,0,0,0,0,0,0,939,37.5
Nagaland,5.2,3.2,47.5,85.8,0,27.2,12,50.4,12.9,1.1,0,0,23.2,35.7,1105,21.4
Nagaland,5.5,12,0,84.1,0,0,0,0,0,0,0,0,0,0,1033,29
Nagaland,3.5,4,51,87.4,0.7,21.3,11.8,48.9,8,0.2,0.4,0.2,29.2,41.2,1132,22.2
Nagaland,2.3,5.4,0,86.5,0,0,0,0,0,0,0,0,0,0,936,29.4
Delhi,4,11.2,87.1,84.4,2.5,19.8,12.9,27.8,3.4,0.3,1.1,1.5,25.3,41.5,901,23.9
Delhi,1.3,12.8,94.7,84.4,0,19.8,9.4,25,1.5,0.4,0.2,0.1,22.2,33.8,885,24.6
Delhi,5.2,10.2,84.8,85.9,1.2,28.2,10.8,29,2.4,0,0.7,1.5,21.8,33.8,859,25.3
Delhi,8.2,17,77.7,80.8,1,23.5,9.5,30.3,2.8,0.4,0.9,1.1,20.7,32.9,905,25.9
Delhi,1.6,5,91.3,82.7,0,14.6,10.1,24.1,3.1,0.2,0,1,24.9,37,906,25.8
Delhi,3.7,10.1,93.2,84.2,0,22,6.3,24.1,1.3,0.4,0.2,0.4,20.8,29.9,904,24.4
Delhi,3.6,7.3,85.5,83.1,0.4,18.1,9.8,24.6,1.8,0.7,0.4,0.8,23.1,35,935,23.2
Delhi,1.5,6.6,87.5,83.5,0.4,25.1,6.1,28.2,3.8,0.7,0.2,0.4,22.3,30.4,922,22.9
Delhi,2.6,7.5,93.7,83.9,0.5,19.5,6.6,20.8,1.6,0.8,0.2,0.6,19.5,27.8,949,22.1
Delhi,4.7,7.5,95.4,86.6,1.6,23,7.7,27.4,1.8,0.6,0,0.5,16.7,26.5,881,22.8
Delhi,1.2,10.5,88.8,83.3,1.9,24.3,9.1,28.5,2,0.5,0,0.4,23.3,34.1,953,25.4
Odisha,12.2,25,68.7,73.2,0,32.9,4.6,56.9,17.2,3.9,0,1.8,13.5,21.1,1027,24.5
Odisha,9.9,22,0,72.9,0,0,0,0,0,0,0,0,0,0,935,25.6
Odisha,3.7,14,74.3,69.3,0,27.6,3.5,44.2,23.7,0.8,0,0.2,18.1,24.4,1056,23.9
Odisha,3.9,14.7,0,64.9,0,0,0,0,0,0,0,0,0,0,1033,28.1
Odisha,8.3,26.4,70.5,77.1,0.8,20.2,6.6,44.9,29.8,4.3,0.4,1.4,20.2,29.5,1073,25
Odisha,11.8,25.9,0,74.1,0,0,0,0,0,0,0,0,0,0,1089,26.5
Odisha,3.3,8.6,76.2,72.1,0.9,28.3,4.8,40.1,21.2,2.2,0.4,0.4,17.6,24.3,957,22.2
Odisha,1.8,13.7,0,69.6,0,0,0,0,0,0,0,0,0,0,1020,24.2
Odisha,13.7,25.3,66,68.6,0.2,25.1,5.7,42.7,19.1,0.9,0.2,1.2,17.2,24,1009,25.9
Odisha,8.2,23.4,0,68.4,0,0,0,0,0,0,0,0,0,0,995,27.6
Odisha,7.2,10.4,69,81.2,0,18,5.9,59.8,34.1,0.3,0.4,1.5,17,26.1,1150,26.8
Odisha,3.3,6.2,0,76.4,0,0,0,0,0,0,0,0,0,0,1074,28.8
Odisha,5.7,14.2,69.8,80.6,0,20.2,6.8,51,25.8,0.5,0.4,2.9,16.2,27.1,1019,21.3
Odisha,0.9,17.6,0,79.8,0,0,0,0,0,0,0,0,0,0,992,23.4
Odisha,8.5,19.2,67.9,71.8,0.2,44.2,7.8,59.2,20.8,6.9,0,0.9,17,27.5,1053,25
Odisha,12.7,23.4,0,69.3,0,0,0,0,0,0,0,0,0,0,1072,28.8
Odisha,9.3,23.7,64.2,76.2,0,29.6,7.3,56,28.2,2.6,0,0.6,15,26,1047,25.4
Odisha,7.3,25.4,0,72.2,0,0,0,0,0,0,0,0,0,0,1026,25.9
Odisha,5.8,28.1,72.5,55.5,0,28.8,7,36.2,16.5,5.4,0.3,0.3,16.4,24.9,1087,28.2
Odisha,9.4,25.3,0,53.3,0,0,0,0,0,0,0,0,0,0,1026,31.8
Odisha,11.4,22.3,72.8,68.6,0.7,23.5,9.1,45.1,17.9,0.2,0.3,0.3,16.6,29.7,1165,24.6
Odisha,10,29.8,0,64.5,0,0,0,0,0,0,0,0,0,0,1111,25.7
Odisha,2.6,12,57.7,84.7,0.3,19.1,7.4,51.1,25.7,0.4,0.5,1.6,19.4,30.2,1095,20.4
Odisha,1.2,9.7,0,80,0,0,0,0,0,0,0,0,0,0,1070,21
Odisha,7.7,11.4,61.9,78.7,0.6,21.9,7.2,58.8,34.4,3.4,0.6,4.6,17.6,28,1018,25.4
Odisha,2.3,8.1,0,76.4,0,0,0,0,0,0,0,0,0,0,1020,25.4
Odisha,1,8.5,78.6,77.8,0.2,30.4,5,45.9,20.6,2.3,0,0.2,17.3,25.3,956,19.6
Odisha,2.4,11.2,0,74.7,0,0,0,0,0,0,0,0,0,0,986,22.8
Odisha,1.9,16.3,66.5,62.5,0,30.1,6.1,50.5,23.2,0.8,0,0,18.7,26.2,1051,25.8
Odisha,5.2,21.7,0,50.9,0,0,0,0,0,0,0,0,0,0,1011,28.9
Odisha,4.2,20,74.4,64.2,0.2,31.3,6.2,52,25.5,1.5,0.2,0.4,17.7,24.8,1052,29
Odisha,9.1,22.1,0,58.7,0,0,0,0,0,0,0,0,0,0,1070,29.3
Odisha,1.8,9.4,67.6,84.3,0.4,19.1,6.9,54.9,30.9,0.5,0.6,1.3,14.2,24.8,1127,25.1
Odisha,3.1,12.2,0,77.7,0,0,0,0,0,0,0,0,0,0,1129,26.3
Odisha,12.2,29,61.1,68.2,0,43.2,5.2,64.2,34.9,13.6,0,0.2,18.4,25.1,1115,27.2
Odisha,15,27.6,0,64.1,0,0,0,0,0,0,0,0,0,0,1065,28.8
Odisha,5.3,17.1,84.4,84.4,0.2,20.5,5,44.7,20.1,0.5,0,0,14.6,25.1,1024,22.2
Odisha,8.1,18.1,0,79.7,0,0,0,0,0,0,0,0,0,0,980,24.6
Odisha,8.4,35.5,60.2,50.6,0.2,37.3,6.4,58,32.7,11.5,0,0,17.4,24.5,1079,29.7
Odisha,12.6,34.7,0,46.2,0,0,0,0,0,0,0,0,0,0,1019,31
Odisha,11.7,32.4,60.9,48.9,0,42.1,6.3,54.9,33.5,18.4,0,0.6,13.5,20.7,1137,34.1
Odisha,13.8,39.3,0,44.5,0,0,0,0,0,0,0,0,0,0,1027,34.3
Odisha,17.2,31.3,65.5,63,0,45.6,7.8,62.2,34.9,17,0.2,0.5,19,28.8,1056,26
Odisha,16.1,35,0,59.3,0,0,0,0,0,0,0,0,0,0,1032,27.4
Odisha,8.3,39.4,60.4,52.9,0,36.2,3.4,61.2,34.4,6,0,0.2,18,22.6,1060,31.8
Odisha,9.6,37.9,0,48.6,0,0,0,0,0,0,0,0,0,0,1036,33.2
Odisha,10,35.7,71.8,76.1,0,20.9,5,54.3,16.9,0.3,0.2,1,10.6,18.8,1083,23.1
Odisha,15.9,31.3,0,74.5,0,0,0,0,0,0,0,0,0,0,1009,25.8
Odisha,3.9,15.6,63.2,60.9,0.8,34.6,5.7,48.6,23.7,0.9,0,0.5,16.7,23.6,1060,27.2
Odisha,2.6,19.1,0,57.2,0,0,0,0,0,0,0,0,0,0,1044,30.9
Odisha,4,10.2,82.8,83.3,0.5,19.4,5.4,52.6,25.5,0,0.2,0.9,14.3,23.3,1045,21.6
Odisha,2.9,8.3,0,78.9,0,0,0,0,0,0,0,0,0,0,996,22.5
Odisha,9.2,33.2,68.8,50.8,0.2,32.5,8.1,47,29.1,4.9,0.2,0.2,15.2,25.1,1110,30.9
Odisha,10.9,34.4,0,43.8,0,0,0,0,0,0,0,0,0,0,1074,29.7
Odisha,0.9,7.4,83.7,74.6,0,40,4.1,50.8,22.4,7.6,0.3,0.3,18.2,24.5,1067,22.6
Odisha,2.8,11.8,0,72.4,0,0,0,0,0,0,0,0,0,0,1027,24.1
Odisha,6.3,16.9,78.3,74.4,0.2,21.5,4,39.4,17.9,0.8,0.2,0.5,15.3,20.5,974,23.5
Odisha,5.7,22.2,0,69.6,0,0,0,0,0,0,0,0,0,0,1037,25
Odisha,5.4,12.9,69.7,72,0.2,45.9,6.5,52.2,21.9,11.5,0,0.2,17.2,25.3,1030,21.9
Odisha,6.6,15.5,0,69.9,0,0,0,0,0,0,0,0,0,0,1041,25.1
Puducherry,0.6,7.2,95.9,86.3,0.1,32.4,6.6,19.5,5.1,0,2.5,3,14.5,24.4,1132,21.9
Puducherry,4.1,11.6,0,84,0,0,0,0,0,0,0,0,0,0,1108,23.9
Puducherry,0.7,2.8,96.8,99.2,1.6,23.2,9.4,12.6,1,0.6,2.1,4.3,24.8,37.7,1164,16.8
Puducherry,0,4.2,0,95.9,0,0,0,0,0,0,0,0,0,0,1201,22.2
Puducherry,5.3,5.7,91.3,83.8,1.9,27.3,6.1,14,2.1,0.3,5,9.2,20,31.1,1106,20.1
Puducherry,3.1,9.9,0,80.3,0,0,0,0,0,0,0,0,0,0,1055,23.7
Puducherry,4.8,15.9,94.7,80.9,2.3,18.8,8.4,10.3,0.8,0.2,0.2,0.7,20,33.3,1089,21.8
Puducherry,11.3,24.5,0,77.7,0,0,0,0,0,0,0,0,0,0,1044,25
Punjab,4.4,9.2,90.7,78,0.4,18.3,14.9,8.2,0.2,0.1,0.8,6.5,26.6,43,921,22.9
Punjab,0.7,10.3,0,77.4,0,0,0,0,0,0,0,0,0,0,916,26.3
Punjab,2.6,12.8,90.9,72.4,0.7,28.5,12.4,14,0.3,0.3,0.5,0.5,25.4,40,883,21.7
Punjab,4.3,11.1,0,69,0,0,0,0,0,0,0,0,0,0,873,21.5
Punjab,3.9,14.2,82.9,68.7,0.5,30.1,15.6,20.3,1,0.5,0.8,2.3,26.5,45.1,861,21.5
Punjab,4.2,5.7,0,71.1,0,0,0,0,0,0,0,0,0,0,914,22.6
Punjab,4.7,11.9,91.8,71.7,0.7,27.6,10.9,18.6,0.1,0.2,0.3,0.9,21.7,35.4,924,23.4
Punjab,4,9.9,0,70.5,0,0,0,0,0,0,0,0,0,0,888,23
Punjab,1.5,7.3,97.6,80.1,0.8,23.6,10.1,12.3,0.2,0.1,0.6,2.3,22.1,35.1,899,21.1
Punjab,0.5,8.3,0,79.5,0,0,0,0,0,0,0,0,0,0,927,21.3
Punjab,2.6,12.4,79.9,70.8,0,20.8,8.9,17.5,0.4,0.3,0.2,5.2,25.3,36.2,944,23.7
Punjab,1.9,10.5,81.6,72.5,0.2,26.4,10.6,12.6,0.1,0.3,0,9.4,20.6,33.9,958,23.7
Punjab,8.2,6.5,89.2,79,0,21.3,11.2,7.9,0.4,0.6,0.2,0.3,25.7,39.2,952,23.7
Punjab,1.6,4.7,98.5,89,0,16.4,13.1,10.1,0.2,0.3,0.2,4.3,29,43,999,19.9
Punjab,1.5,6.7,0,83.4,0,0,0,0,0,0,0,0,0,0,943,22.7
Punjab,0.7,7.4,95.5,82.1,1,22.5,8.3,11.3,0.7,0.3,0.2,3.3,27.2,37.5,997,21.7
Punjab,2.2,4.6,0,81.5,0,0,0,0,0,0,0,0,0,0,953,20
Punjab,2.5,6.9,91.7,79.2,0,22.3,8.8,11.6,0.2,0.2,0,2.3,24.9,36.2,998,21.8
Punjab,1.6,6.7,0,78.8,0,0,0,0,0,0,0,0,0,0,958,22.4
Punjab,1.8,6.5,95.6,81.4,0.3,20.8,8,13.5,0.5,0.3,0.4,0.8,21.3,32.2,918,21.3
Punjab,2,6.4,0,82,0,0,0,0,0,0,0,0,0,0,862,23
Punjab,2.7,11.5,84.3,63.6,0,28.4,14.8,16.9,0.4,0.3,0.3,3.4,25.9,42.2,924,23
Punjab,3.2,13.3,0,62,0,0,0,0,0,0,0,0,0,0,908,23.2
Punjab,4.3,13.1,87.3,72,0,30.4,10.3,16.9,0.3,0.5,0,0.5,23.1,35.3,906,22.8
Punjab,5.5,10.8,0,71.7,0,0,0,0,0,0,0,0,0,0,897,23.3
Punjab,2.7,8.6,87.3,68.5,0.2,32,9.6,20.8,0.4,0.3,0,0.5,20.9,32,942,23.2
Punjab,3.5,8.6,0,71.5,0,0,0,0,0,0,0,0,0,0,860,23.4
Punjab,2.7,4.6,95.8,82.8,0.5,24.3,7.5,15.8,0.4,0.3,0.4,0.9,23.9,32.5,952,20.9
Punjab,5.2,7.8,92.4,76.9,1.2,21.9,9.4,11.2,0.3,0.4,0.2,0.2,21,34.3,922,20.2
Punjab,2.5,5.6,0,76.8,0,0,0,0,0,0,0,0,0,0,903,22.6
Punjab,0.6,2.4,95.9,81.8,0.4,20,8.3,11.5,0.5,0.3,0,0,19,31.9,991,21.5
Punjab,1.7,4.5,0,81.3,0,0,0,0,0,0,0,0,0,0,950,23.3
Punjab,2.9,10.6,89.7,84.3,0,20.9,8.3,12.3,0.5,0.6,0,1.3,21.6,34,876,20.9
Punjab,2.7,12.1,0,81.9,0,0,0,0,0,0,0,0,0,0,864,24.7
Punjab,1.4,8,86.2,73.5,0.5,22,13.4,12.7,0.6,0.3,0.7,2.6,26.2,41.8,937,21.2
Punjab,3.3,8.4,0,68.5,0,0,0,0,0,0,0,0,0,0,893,21.7
Punjab,2.8,6.4,97.7,82.3,0.1,18.7,11.9,10.9,0.2,0.2,0.3,3.5,29.8,42.8,1004,20.9
Punjab,0.8,5.1,0,75.2,0,0,0,0,0,0,0,0,0,0,1011,22.3
Punjab,5.2,10.7,96.4,68.6,0.7,23.4,10.7,6.8,0.1,0.5,0,0.3,22.9,36.1,978,25.8
Punjab,2,7.7,0,70.3,0,0,0,0,0,0,0,0,0,0,914,25.5
Rajasthan,5.5,20.2,83.4,67.3,0.2,12.4,2.5,38.6,4.1,0.2,0.2,0.4,7.8,13.1,993,26.7
Rajasthan,5.6,35,0,64.7,0,0,0,0,0,0,0,0,0,0,953,29.2
Rajasthan,8,32.2,65,64,0.2,13.3,8.7,42.5,9.7,0.3,0.6,1.5,15.7,25.8,991,29.4
Rajasthan,9.7,40.8,0,61.2,0,0,0,0,0,0,0,0,0,0,937,33.5
Rajasthan,5.2,25,58.9,55.9,0,18.1,3.6,38.7,5.8,0.8,0,0,15.2,19.4,1056,31.7
Rajasthan,12.1,28.3,0,50.4,0,0,0,0,0,0,0,0,0,0,983,35.5
Rajasthan,3,26.8,60,61.7,0,16.2,3.4,57,19.3,0.8,0,0.2,10.6,15.6,1019,28.4
Rajasthan,2.8,33.7,0,56.9,0,0,0,0,0,0,0,0,0,0,959,28.1
Rajasthan,2,20.2,88.7,67,0,11.4,1.6,49.1,3.9,0.4,0,0.2,8.8,10.9,986,31.4
Rajasthan,7.4,46.7,0,44.7,0,0,0,0,0,0,0,0,0,0,980,38.5
Rajasthan,5.1,33.5,67.7,62.4,0.6,12.1,4.5,47.5,10.5,0.2,0.3,1.4,16.4,23.6,970,31.7
Rajasthan,8.1,37.3,0,56.3,0,0,0,0,0,0,0,0,0,0,970,36.3
Rajasthan,5.4,41.8,83.4,57.1,0,11.5,3.7,41.9,4.2,0.4,0,0,11.3,15.7,1069,29.2
Rajasthan,6.4,57.2,0,50,0,0,0,0,0,0,0,0,0,0,1000,29.5
Rajasthan,6.5,33.3,77.3,64.6,0.2,8.8,1.4,38,3.4,0.4,0.2,0,8.4,11.8,968,30.2
Rajasthan,6.4,33.4,0,61.5,0,0,0,0,0,0,0,0,0,0,957,32
Rajasthan,2.3,34.1,81.9,57.9,0.2,11.5,4,52.8,13.8,0.5,0.2,0,13.4,19,1002,28.4
Rajasthan,4.6,35.1,0,51.1,0,0,0,0,0,0,0,0,0,0,930,27.7
Rajasthan,3.5,42.6,73.3,55.3,0.3,10.5,5.1,44.4,3.7,0.5,0.2,0.2,14.9,21.1,1037,26.1
Rajasthan,5.3,53.6,0,50,0,0,0,0,0,0,0,0,0,0,968,27.3
Rajasthan,4.2,27.9,76.5,62.9,0.4,9.1,6.5,39.9,5,0.4,0.1,0.5,16.6,25.4,1037,29
Rajasthan,8.4,36.4,0,57.3,0,0,0,0,0,0,0,0,0,0,1009,32.1
Rajasthan,3,26.3,67.6,59.4,0,7.2,4,47.5,15.8,0.2,0.3,1.2,11,16.1,986,29.2
Rajasthan,7.8,40.1,0,59.3,0,0,0,0,0,0,0,0,0,0,1016,32.3
Rajasthan,7.2,29.6,50.5,63.2,0,9.9,3.8,48,9.9,0.2,0.6,0.4,10.3,15.1,1002,34.9
Rajasthan,8.7,35.4,0,62.7,0,0,0,0,0,0,0,0,0,0,917,37.8
Rajasthan,4.4,16.9,72.7,64.6,0.3,11.4,2.4,40.8,3.6,0.3,0,0,11.7,14.9,1029,28.8
Rajasthan,6.9,29.4,0,53.3,0,0,0,0,0,0,0,0,0,0,1009,34
Rajasthan,2.4,13.6,87,68.6,0,15.6,3,29,2.1,0.5,0,0.2,12.8,18.3,957,24.9
Rajasthan,2.8,19,0,64.8,0,0,0,0,0,0,0,0,0,0,929,25.8
Rajasthan,2.8,18.6,89.1,65.1,0.6,13,4.8,36.1,1.5,0.1,0.4,0.8,15.7,22.6,1015,25.1
Rajasthan,4.6,23.1,0,59.9,0,0,0,0,0,0,0,0,0,0,928,27.3
Rajasthan,1.8,23.1,81.9,68.1,0.1,7.7,3.3,33.1,6.3,0.2,0.4,1.3,11.7,16.5,944,25.6
Rajasthan,6.3,29.5,0,68.5,0,0,0,0,0,0,0,0,0,0,920,29
Rajasthan,1,28.9,83.1,61.7,0,10.5,2.1,44.9,5,0.1,0,0,12.7,15.8,987,32.9
Rajasthan,8.6,48.4,0,45.2,0,0,0,0,0,0,0,0,0,0,916,39.8
Rajasthan,2.9,23.3,94,59.5,0.1,9.9,1.6,44.2,6.5,0.5,0.1,0.1,9,11.5,982,31.1
Rajasthan,4.3,32.4,0,47.4,0,0,0,0,0,0,0,0,0,0,957,34.6
Rajasthan,5.6,37.8,76.2,55.6,0.3,15.1,3.6,55.4,9.8,0.4,0,0.2,12.7,17.3,977,25.7
Rajasthan,3.8,36.3,0,53.4,0,0,0,0,0,0,0,0,0,0,948,28.4
Rajasthan,0.8,18.1,77.6,66.8,0.2,12.4,5.6,39.9,5.9,0.7,0.2,0.7,18,25.6,1063,24.8
Rajasthan,4.5,23.8,0,60.7,0,0,0,0,0,0,0,0,0,0,1020,27
Rajasthan,5.1,28.1,83.3,64.8,0.3,7.5,2.6,43.6,6.9,0.2,0.2,0,12.8,16.5,1042,30.3
Rajasthan,8.2,34.7,0,58,0,0,0,0,0,0,0,0,0,0,952,31.9
Rajasthan,7,33.5,65.5,56.5,0.2,7,2.8,51.6,17.3,0.4,0,1,9.5,13.2,996,32.1
Rajasthan,10.8,49.8,0,54.7,0,0,0,0,0,0,0,0,0,0,988,33.5
Rajasthan,0.5,13.2,84.4,74.7,0.7,12.6,3.8,43.2,9.2,0.3,0.3,0.3,14.1,20.2,981,23.9
Rajasthan,1.1,19.7,0,70.4,0,0,0,0,0,0,0,0,0,0,942,26.7
Rajasthan,0.9,28.2,86.7,62.9,0.1,7.5,3.3,44,5.9,0.3,0.1,0.1,12.7,17.5,1055,27.6
Rajasthan,7,42.2,0,52.7,0,0,0,0,0,0,0,0,0,0,1011,29.5
Rajasthan,2.2,11.8,90.4,67.1,0,9,2.7,40.1,4.6,0.1,0,0,12.2,16.5,1085,27.3
Rajasthan,3.4,31.3,0,56.7,0,0,0,0,0,0,0,0,0,0,1056,30.1
Rajasthan,3.2,30.9,71,57,0,18,4.5,37.8,2.7,0.4,0.2,0.2,13.3,18.7,1038,30.7
Rajasthan,4.8,41.2,0,48.7,0,0,0,0,0,0,0,0,0,0,982,32.7
Rajasthan,3.2,27.5,79.1,64.2,0,11.6,2.1,44.6,4.8,0.1,0,0,11.4,15.4,1065,27.6
Rajasthan,4.8,44.5,0,55.6,0,0,0,0,0,0,0,0,0,0,1001,30.6
Rajasthan,2.9,35.4,63,57.4,0.2,7.3,4.7,47.1,13.9,0.6,0.2,0.2,13.7,19.8,999,28.9
Rajasthan,9.6,47.7,0,51.7,0,0,0,0,0,0,0,0,0,0,1001,32.5
Rajasthan,3,18,74.8,67.9,0.3,9.8,5.2,35.1,7,0.2,0.1,0.3,15.1,22,1061,27.5
Rajasthan,3.7,24.2,0,61.4,0,0,0,0,0,0,0,0,0,0,1015,30.3
Rajasthan,4.4,18,65.8,59.4,0.3,13.5,3.4,39.9,8.7,0.3,0,0.3,14.2,18.7,1060,29.5
Rajasthan,4.3,31,0,48.3,0,0,0,0,0,0,0,0,0,0,999,33.5
Rajasthan,3.1,37.2,67.5,54.8,0.3,12.1,4.7,47.6,8.6,0.5,0,0.1,14.1,20.1,987,25.9
Rajasthan,4.5,47.3,0,54.2,0,0,0,0,0,0,0,0,0,0,987,28.7
Rajasthan,4.5,18.2,82.3,63.8,0,14.4,2.4,42.5,4.5,0.3,0,0,13.1,16.5,998,27.6
Rajasthan,6.8,40.4,0,52.7,0,0,0,0,0,0,0,0,0,0,1043,32.6
Sikkim,1.7,9.4,68.4,86.4,1.2,35.9,12,37.9,11.2,14.5,0,0.1,19.1,34.2,1008,19.3
Sikkim,3.8,15.8,0,80.3,0,0,0,0,0,0,0,0,0,0,957,23
Sikkim,3.8,16,76.3,78.5,0,43.5,19.5,35.4,9.9,22.7,0.4,1.2,25.1,47.7,997,21
Sikkim,2.4,12.3,0,79.3,0,0,0,0,0,0,0,0,0,0,917,23.4
Sikkim,8.7,9.9,87.2,80.2,0,38.1,16.1,47.4,15.8,15,0,1.6,29.7,49.6,973,19.9
Sikkim,2,15.6,0,80.8,0,0,0,0,0,0,0,0,0,0,924,22.3
Sikkim,2.5,14.1,83.1,81.8,0.7,50.9,13.7,44.9,8.9,20.5,0.5,0.5,30.4,45.1,959,19.2
Sikkim,2.1,13,0,77.2,0,0,0,0,0,0,0,0,0,0,933,24.1
Tamil Nadu,11.5,12.4,91.7,73.5,0.4,28.1,6.3,20.7,8.7,0.1,4.3,5.6,18.5,27.5,1143,22.4
Tamil Nadu,8.1,12,0,69.1,0,0,0,0,0,0,0,0,0,0,1048,24
Tamil Nadu,3,1.9,98.8,92.7,1.1,16.1,7.6,8.9,0.7,0.1,6.3,8.6,21.1,33.2,1037,18
Tamil Nadu,0.5,12.8,0,88.7,0,0,0,0,0,0,0,0,0,0,1032,22.2
Tamil Nadu,10.3,19.8,96.2,84.2,1.1,22.9,7.6,21.4,5.5,0.5,8.4,13.3,23.3,33.3,1061,19.3
Tamil Nadu,3.8,19.9,0,78.8,0,0,0,0,0,0,0,0,0,0,994,20.9
Tamil Nadu,4.9,12.6,83.3,76.8,0.6,32.6,8.3,24.4,7.5,0.6,4.6,7.1,16.9,27,1062,22.9
Tamil Nadu,7.8,15,0,76.6,0,0,0,0,0,0,0,0,0,0,1026,25.5
Tamil Nadu,6.4,16.7,87.1,72.6,0.8,26.8,8.3,24.6,7.9,0.7,1.2,1.8,20.6,30.8,1192,23.8
Tamil Nadu,3.8,27.9,0,69.9,0,0,0,0,0,0,0,0,0,0,1018,22.9
Tamil Nadu,8.6,20.5,97,77.8,0.7,26,6.8,27.7,6.5,0.1,2.1,5.8,24.3,34.2,1066,24.4
Tamil Nadu,6.1,20.3,0,73,0,0,0,0,0,0,0,0,0,0,1019,23.3
Tamil Nadu,14.8,13.7,93.8,73.1,0.7,23.5,6.7,26.2,11.1,0.1,8.7,15.1,25.7,36.1,1112,18.2
Tamil Nadu,6,22.4,0,73.2,0,0,0,0,0,0,0,0,0,0,1001,21.3
Tamil Nadu,2.5,10,93.8,85,1.7,28.9,8.6,17.5,4.5,0.8,6.8,6.8,18.9,32,1002,19.2
Tamil Nadu,2.3,12.3,0,82.5,0,0,0,0,0,0,0,0,0,0,964,21.5
Tamil Nadu,4,4.3,100,92.9,0.8,14.8,6.1,11,1,0.2,3.9,13.1,19.5,30.2,1121,20.8
Tamil Nadu,1,5.7,0,92.2,0,0,0,0,0,0,0,0,0,0,1110,24.2
Tamil Nadu,3.3,13.3,95.6,73.2,0.2,29,6.1,25.5,5.9,0.4,5.8,12.1,18.9,29.1,1154,19.1
Tamil Nadu,3.1,22.6,0,73.9,0,0,0,0,0,0,0,0,0,0,1056,23.8
Tamil Nadu,9.5,20.3,94.8,72.6,0.6,22.7,7.3,20.3,8.2,0.2,0.4,0.9,16.4,25.3,1053,24.2
Tamil Nadu,7.4,23.5,0,72.6,0,0,0,0,0,0,0,0,0,0,1009,24.3
Tamil Nadu,4,11.5,97.9,83.9,0.4,24.5,6,20.3,0.8,0.4,2.4,12.1,22.4,31.8,1079,19.9
Tamil Nadu,12,18.5,0,80.9,0,0,0,0,0,0,0,0,0,0,1007,23.8
Tamil Nadu,5.2,6.3,87.6,79.2,2.2,34.3,9.4,24.9,10.4,0.3,11,15.7,19.9,32.1,1148,20.8
Tamil Nadu,5.4,7.1,0,78.2,0,0,0,0,0,0,0,0,0,0,1071,24
Tamil Nadu,6.5,14.2,93.6,73.5,0,27.1,8,19.8,6.6,0.1,1,1.7,20.8,31.5,1142,17.3
Tamil Nadu,6.4,16.5,0,74.1,0,0,0,0,0,0,0,0,0,0,1008,20.7
Tamil Nadu,7.7,21.4,94,73.1,3.3,29.1,5.6,20.3,5.5,0.2,10.3,17.2,16.7,26.1,1210,22.6
Tamil Nadu,8.5,14,0,72.5,0,0,0,0,0,0,0,0,0,0,1131,24.2
Tamil Nadu,11.3,11.6,86.9,74.7,2.5,31.7,7.5,28.3,7.6,0.8,7.6,13.4,17.3,30.2,1095,23.7
Tamil Nadu,4.5,13.4,0,72.5,0,0,0,0,0,0,0,0,0,0,1087,25.4
Tamil Nadu,6,14.7,87.8,80.3,0.4,29.9,7.4,22.8,1.1,0.6,5.3,12.8,18.4,28.2,1147,24.4
Tamil Nadu,9.4,14.5,0,74.7,0,0,0,0,0,0,0,0,0,0,1101,25.7
Tamil Nadu,8.9,23.7,91.9,74.4,1.7,24.1,7.8,23.5,6.5,0.2,14.6,15.6,24.2,34,1057,20.1
Tamil Nadu,6.5,19.5,0,72.2,0,0,0,0,0,0,0,0,0,0,1000,22.8
Tamil Nadu,9.6,4.5,90.4,78.8,0.2,23,6.8,17.5,2.4,0.4,1.5,3.4,14.9,26,1223,21.8
Tamil Nadu,6.6,12.8,0,76.9,0,0,0,0,0,0,0,0,0,0,1197,24.2
Tamil Nadu,8.4,4.1,82.6,80.6,2.2,30,10,22.4,7.6,0.5,4.5,9,19.7,34.6,1112,19.6
Tamil Nadu,3.5,13.7,0,77.2,0,0,0,0,0,0,0,0,0,0,1059,23.6
Tamil Nadu,4.5,11.1,96.6,85.2,1.2,25.9,9.8,21.5,6.8,1.1,12.3,23.2,21.9,32.9,1093,19.7
Tamil Nadu,1.7,18.7,0,81.7,0,0,0,0,0,0,0,0,0,0,1056,21.2
Tamil Nadu,13.5,16,93.8,80.9,0.5,23,7.9,21.3,4.3,0.3,4.9,9.1,25.4,35.6,1168,23.8
Tamil Nadu,9.5,29.1,0,70.6,0,0,0,0,0,0,0,0,0,0,1013,23.2
Tamil Nadu,5.8,13.4,94.3,83.5,3.9,26.7,9.3,18.3,1.7,0.1,7.9,10.8,19.6,32.4,979,21.6
Tamil Nadu,3.9,17.4,0,82.2,0,0,0,0,0,0,0,0,0,0,980,21.6
Tamil Nadu,2.7,9.1,86.8,84.9,0.7,32.2,7.8,24.3,11.5,0.4,10.4,17.7,18,31,1131,19.6
Tamil Nadu,2.4,7.2,0,80.8,0,0,0,0,0,0,0,0,0,0,1072,25.2
Tamil Nadu,0.9,8.9,91.9,86.6,0.4,21.6,7.5,18.5,1.4,0.3,1.7,3.9,17.3,28.2,1111,20.9
Tamil Nadu,1.8,12.4,0,79.8,0,0,0,0,0,0,0,0,0,0,1135,24.3
Tamil Nadu,4.5,13.5,94.9,80.7,2.2,25.7,6,19.8,3.5,0.4,5.4,11.2,18.4,28.9,1123,21.5
Tamil Nadu,4.6,14.6,0,79,0,0,0,0,0,0,0,0,0,0,1048,23.5
Tamil Nadu,4.3,10.7,98.3,84.4,0.2,17.3,6.4,16.3,0.7,0,5.5,18.9,15.5,25.5,1109,22.1
Tamil Nadu,2.2,6,0,74.6,0,0,0,0,0,0,0,0,0,0,1124,22
Tamil Nadu,5.1,10.5,99.2,75.8,0.6,26.2,7,22.8,5.7,0.1,3.7,6.1,19,28.9,1114,17.8
Tamil Nadu,4.7,15.7,0,75.2,0,0,0,0,0,0,0,0,0,0,986,22.2
Tamil Nadu,8.5,11.6,91.6,75.5,0.6,24.2,6.2,17.2,4.8,0.2,4.3,8,16.5,25.8,1109,20.9
Tamil Nadu,9.2,19.8,0,70.2,0,0,0,0,0,0,0,0,0,0,1011,23.4
Tamil Nadu,4.9,14.9,91.7,80,0.2,23,6.4,14.4,4.3,0.3,0.5,1.8,16.8,25.6,1070,22.4
Tamil Nadu,3.4,12,0,75.5,0,0,0,0,0,0,0,0,0,0,1037,25.7
Tamil Nadu,7.9,19,93,73.6,3.7,38.1,7.1,25.1,8.8,0.2,8.8,14.7,16.6,26.1,1120,24.8
Tamil Nadu,7.2,20,0,69.6,0,0,0,0,0,0,0,0,0,0,1046,26.8
Tamil Nadu,3.6,15.5,91.7,80.5,0.8,22.8,6,18.8,1.8,0.5,1.8,2.2,13.3,22.9,1109,21.4
Tamil Nadu,4.4,19.9,0,71.4,0,0,0,0,0,0,0,0,0,0,1079,22.6
Telangana,7.8,21.4,77.3,58.6,0.6,28.3,7.4,29.7,11,2.1,0.2,5.3,15.5,26.4,992,24.8
Telangana,13,20.8,75.3,62.7,3.2,38.8,6.1,28.4,4.7,2.9,0,3.4,19.5,30.1,1082,19.5
Telangana,2.2,10.6,82.8,80.3,5.9,28,10.2,12.4,1.7,0.7,0,2.3,22,41.7,959,23
Telangana,3.1,28.4,70.1,55.9,3.4,47.6,8.4,23.5,11.2,2.6,1,6.7,16.4,31.3,1219,24.1
Telangana,6.5,20.3,66.3,56.6,0.2,60.6,7.6,27.1,4.1,11.3,0.2,3.1,18.3,29,1066,19.1
Telangana,13.2,24.9,58.9,52.4,4.9,53.1,7.5,27.4,5.6,4.3,0.8,7.3,20.8,31.5,1079,18.5
Telangana,15.9,34.6,72.8,47.8,3.2,34.6,9.6,23.7,9.7,7.1,0.5,2.4,17.1,29.7,1037,26.8
Telangana,1.1,30.8,73.9,51.1,1.6,41.8,8.1,25.7,5.6,16.7,0.6,2,16.9,29.1,1104,23.4
Telangana,7.6,11.9,66.4,63.6,1.6,49.8,8.6,19.3,5.7,5.6,0.1,4.9,19.5,34.7,1065,20.1
Telangana,10.9,35,86.4,61.8,2.1,31.8,8.2,19.5,2,1.3,0.3,2.2,18.1,30.8,1061,19
Telangana,4.6,25,56.4,52.9,1.2,38.4,7.8,37.7,12.8,3,0.3,0.9,17.3,27.2,1024,23.7
Telangana,6.6,28.3,70,55,2,56.5,7.2,28.1,5,12.6,0.5,1.8,18.4,28.8,1067,21.8
Telangana,9.2,23.4,72.6,54.8,1.4,42.9,6.5,25.3,7.5,8,0,2.2,16.5,26.5,1035,27.8
Telangana,3.7,14,73.6,58.4,1.9,44.1,8.5,22.4,6.5,1.9,0.2,1.8,19.5,32,1065,19.5
Telangana,3.1,10.2,78.8,72.9,0.7,39.3,9.2,17.9,3,2.4,0.2,0.5,18.7,34.8,996,23.1
Telangana,5.3,32.1,84.8,51.1,2.6,55.5,6.3,30.8,6.2,11.8,0.2,2,17,27.3,1066,23.8
Telangana,6,28.2,79.3,59.8,1.4,51.4,5.9,24.3,4,7.4,0.2,4.6,15.6,25.7,1017,23.9
Telangana,9.6,23.3,71.7,53.3,1.4,43.9,5.3,29,13,3.5,0.9,6.5,18.6,28.5,1171,22.7
Telangana,3.8,23.7,77.6,54.3,1.4,40.2,9.1,20.6,8.6,9.8,0.4,5,18.1,31.2,1132,23.7
Telangana,4.6,13.6,69.8,61.3,3.5,47.5,8.2,21.6,4.6,4.2,0.3,4.9,21.8,34.7,1028,18.1
Telangana,3,13.2,76.7,56.4,3.3,49.9,8,19.4,8.5,6.1,1.2,6.9,19.5,36,1167,21.3
Telangana,5.2,29,72.8,68.6,1,46.8,9.3,18.9,4.5,6.7,0.1,0.5,21.3,35,1022,24.1
Telangana,4.4,30.6,71.5,60.2,2.4,39.7,10.3,27.3,5.4,11.2,0.7,1.2,19.3,32.6,1053,24.5
Telangana,1,19,71.8,60.8,3.5,50.3,9.2,23.2,5.2,8.3,1,5.1,19,36.9,1062,22
Telangana,6.2,29.5,70.1,57.4,4.1,46.7,5.8,20.8,3,6.1,0.4,5.3,17.1,27.3,1032,18.9
Telangana,10,39.8,57.6,53.1,0.6,44.7,8.9,29.2,11.6,17,0.1,2.8,17.9,30.3,998,24.9
Telangana,4.7,32.6,75.7,49.3,2.2,48.7,5.8,27.5,8.9,8.7,0.3,3.3,16.1,25.5,1018,24.8
Telangana,12.9,22.9,70.3,51.8,3.8,54.4,8.5,23.2,2.8,6.5,1.1,5.5,17.4,29.4,1070,17.3
Telangana,4.3,22.7,77.7,70.3,0.4,43.3,8.5,14,1.5,2.9,0,1.4,17.6,32.7,1087,20.2
Telangana,1.7,21.6,71.1,59.1,2.1,58.4,8.8,22.2,5.6,12.9,0.2,2.4,19.1,32.3,1071,23
Tripura,26.9,38.9,81,74.8,0.5,40.2,4,61.3,55.2,7.5,0.4,0.6,11.5,17.4,1034,27.2
Tripura,20.2,34.4,0,76.4,0,0,0,0,0,0,0,0,0,0,957,27.9
Tripura,24.4,42.8,70.8,80.1,1.2,33.7,3.4,55.8,49.6,9.4,0.4,0.7,13.1,21.4,1011,24.2
Tripura,24.3,28.3,83.9,81.3,0,40.3,5,61.9,51.3,9.6,0,0.2,14.6,21.4,1059,23.5
Tripura,11.9,34.2,85.9,86.4,0,33.5,5.2,64,52.5,6.1,0,0.2,10.3,19.3,1040,26.2
Tripura,26.6,51.9,67.4,78.9,0.4,29.5,3.3,50.4,47.6,8.1,0.2,0.9,11.3,19.9,1021,23.4
Tripura,23.1,46.2,75.2,80.4,1.8,30.5,4.6,54.3,51,5.6,0.5,1.4,14.5,24.2,1054,24.5
Tripura,21.2,38,71.1,81.6,0,23.3,5.3,59.7,54.9,3.4,0,0.4,12.8,22.1,1079,27.4
Tripura,20.2,37.1,88.1,85.3,0.4,33,7.2,55.2,47.7,3.5,0.6,0.6,15.4,27.1,937,20.2
Uttar Pradesh,3.5,17.9,50.1,69.4,0.4,20.9,4.1,46.1,8.9,0.6,0.3,0.3,16.4,20.9,952,30.5
Uttar Pradesh,5.8,21.3,0,67.4,0,0,0,0,0,0,0,0,0,0,941,32.7
Uttar Pradesh,4.5,15.8,56.2,68,0,16.9,4.1,37,5.1,0.1,0.4,0.2,16.3,22,1031,32.1
Uttar Pradesh,6.1,23.2,0,63.8,0,0,0,0,0,0,0,0,0,0,932,33.9
Uttar Pradesh,0,5.5,57.4,71.6,0.4,16.5,6.9,52.9,12.8,0.2,0.4,4.8,13.6,22,1097,29.2
Uttar Pradesh,1.1,13.3,0,67.2,0,0,0,0,0,0,0,0,0,0,1094,32.1
Uttar Pradesh,1.9,14.9,52.4,66.1,0.4,9.1,5.7,49.3,11.5,0.4,0.2,1.5,14.3,21.2,1170,32.1
Uttar Pradesh,4.9,18.1,50.4,75.9,0.7,11.4,5,46.8,9.3,0.3,0.3,1.4,16.8,22.1,1021,29.3
Uttar Pradesh,2.1,19,0,71.8,0,0,0,0,0,0,0,0,0,0,944,32.4
Uttar Pradesh,0.3,12,59.3,71.2,0.6,14.7,8.1,44.1,9.4,0.3,1.5,4.6,18.8,28.7,1141,29.3
Uttar Pradesh,1.9,11,0,68.3,0,0,0,0,0,0,0,0,0,0,1135,33.7
Uttar Pradesh,2.7,8.1,65.4,71.6,0,12.9,6,31.8,4.7,0.3,0,0.2,18,25.5,938,29.8
Uttar Pradesh,1.7,14.3,0,66.1,0,0,0,0,0,0,0,0,0,0,899,30.1
Uttar Pradesh,8.4,37.5,21,48.2,1.3,12.2,8.5,59,26.6,0.6,0,0.2,18.1,28.7,1012,41
Uttar Pradesh,9.9,40.9,0,45.8,0,0,0,0,0,0,0,0,0,0,988,42.1
Uttar Pradesh,1.7,9.9,53.8,68.1,0.7,9.9,3.2,35.6,2.2,0.5,0.4,0.9,15.2,20.7,1009,29
Uttar Pradesh,4.3,20.2,0,63.9,0,0,0,0,0,0,0,0,0,0,1064,34.5
Uttar Pradesh,4.1,35,20.4,53.1,1.6,10.7,7,59.8,23.6,0.4,0.5,3,16.6,25.3,1075,38.9
Uttar Pradesh,6.3,41.5,0,46.2,0,0,0,0,0,0,0,0,0,0,1077,42.9
Uttar Pradesh,2.5,19,47.6,61.8,1.7,12.4,4.4,63.3,19.7,0.5,1.4,3.6,12.7,18.9,956,30.6
Uttar Pradesh,0.6,18.8,0,59.9,0,0,0,0,0,0,0,0,0,0,908,32.1
Uttar Pradesh,3.4,20.4,24.5,65.1,1.2,11.3,6.6,50.2,11.2,0.2,0,1.3,14.8,22.7,1074,32.6
Uttar Pradesh,4.1,21.5,0,58.8,0,0,0,0,0,0,0,0,0,0,1022,34.8
Uttar Pradesh,5.6,11.4,55.9,55.8,0,17.8,4.7,39.3,5.5,0.1,0,0.2,12,17.6,965,31.3
Uttar Pradesh,2.8,12.9,0,55.1,0,0,0,0,0,0,0,0,0,0,979,33.8
Uttar Pradesh,1,15.9,49.8,64.4,0,14.8,7.6,51.3,10.2,0.2,0.5,3,16.2,25,1098,31.7
Uttar Pradesh,1.3,28.3,0,60,0,0,0,0,0,0,0,0,0,0,1086,36.2
Uttar Pradesh,1.2,5.2,51.5,69.6,0.2,15.1,5.9,36.5,3.6,0.2,0,0,16.8,24.3,1059,30.7
Uttar Pradesh,1.8,6.8,0,64.3,0,0,0,0,0,0,0,0,0,0,1025,32.4
Uttar Pradesh,7,22.9,44.3,54.9,0.2,14,3.1,41.9,7.1,0.5,0.4,0.7,10.3,13.8,933,35.3
Uttar Pradesh,5.5,12.8,66.2,67.7,0,17.2,6.5,34.4,4.1,0.2,0.2,0,18.8,26.2,979,31.3
Uttar Pradesh,4.1,18.7,0,60.4,0,0,0,0,0,0,0,0,0,0,1002,34.6
Uttar Pradesh,2.1,17.2,45.4,68.8,0.6,16.9,6.3,44.8,7.1,0.4,0.8,4.2,15.6,23.6,986,30.5
Uttar Pradesh,5.8,33.7,0,66.4,0,0,0,0,0,0,0,0,0,0,1005,34.3
Uttar Pradesh,3.5,21.8,35.9,63.8,1.3,13.6,3,59.6,12.7,0.5,0.4,1.4,10.3,16.4,950,31.3
Uttar Pradesh,8.2,31.1,0,57.9,0,0,0,0,0,0,0,0,0,0,1034,36.4
Uttar Pradesh,2.1,13.7,47.7,69,0.5,12.7,5.8,36.9,2.3,0.3,0.8,6.8,13,21,1046,30.3
Uttar Pradesh,2.6,22.4,0,64.2,0,0,0,0,0,0,0,0,0,0,1156,34.3
Uttar Pradesh,4.3,20.1,49.1,68,0,15.1,4.4,46,5,0.6,0.3,0.7,14.2,19.2,1047,33.2
Uttar Pradesh,9.2,27.1,0,66.9,0,0,0,0,0,0,0,0,0,0,940,34.5
Uttar Pradesh,2.2,16.3,49,74.6,0.2,16.9,3.4,45.5,5.2,0.1,0,0.2,15.4,19.7,968,29.4
Uttar Pradesh,5.2,22.8,0,72.5,0,0,0,0,0,0,0,0,0,0,935,32
Uttar Pradesh,2,7.6,58.9,71.1,0.2,10.6,4.4,41.2,8.7,0.2,0,0,10.3,17.7,1049,29.1
Uttar Pradesh,2.6,26.9,0,64.8,0,0,0,0,0,0,0,0,0,0,1057,33.5
Uttar Pradesh,4.1,18.8,47,67.1,0.4,19.7,1.9,49,6.4,0.3,0.2,0.1,12.1,14.8,972,32.7
Uttar Pradesh,6.9,24.4,0,70.3,0,0,0,0,0,0,0,0,0,0,981,35.5
Uttar Pradesh,3.3,10.4,35.3,63.4,1.5,18.5,3.4,60.8,20.8,0.8,1.1,1.9,13.3,18,1035,29
Uttar Pradesh,1.3,14.2,0,59,0,0,0,0,0,0,0,0,0,0,1008,31.2
Uttar Pradesh,3.6,24.8,34.5,72.5,0,17.7,4.7,45.6,5.2,0.3,0.2,0.2,15.2,20.5,950,31.9
Uttar Pradesh,4,22.2,0,67.3,0,0,0,0,0,0,0,0,0,0,961,33.9
Uttar Pradesh,2.1,13.5,68.6,78,0.2,17.3,5.3,29.7,3,0.2,0,0.2,14,20.9,897,28.5
Uttar Pradesh,5.8,21,0,75.3,0,0,0,0,0,0,0,0,0,0,844,32.4
Uttar Pradesh,0.6,8,73.4,78.9,0.9,13.4,6.9,22.3,1.7,0.1,0,0.7,15.5,24.5,930,24.9
Uttar Pradesh,1.9,13.5,53.4,69.7,0.2,10.5,3.5,37.7,4.4,0.2,0.1,1.3,15.7,20.3,1053,29.6
Uttar Pradesh,4.1,25.5,0,63.5,0,0,0,0,0,0,0,0,0,0,1112,35.1
Uttar Pradesh,4.2,25.4,34.6,61.7,1.2,11.1,7.5,51.6,18,0.4,0.5,2.1,17.5,28.6,1078,32.4
Uttar Pradesh,5.5,48.6,0,54.9,0,0,0,0,0,0,0,0,0,0,1057,38.3
Uttar Pradesh,2.4,14.6,51.5,67.6,0.9,18.9,6.1,44.6,5.4,0.1,1.3,1.8,13.4,20.7,1089,30.5
Uttar Pradesh,2.1,25,0,68.1,0,0,0,0,0,0,0,0,0,0,1098,32.9
Uttar Pradesh,1.4,10.5,61.7,70.8,0.5,13.3,2.6,64.5,17,0.2,0.2,2.8,15.4,18.8,1003,28.2
Uttar Pradesh,4.5,17.3,0,61.7,0,0,0,0,0,0,0,0,0,0,945,28.9
Uttar Pradesh,0.8,7.1,56.2,71.8,0.3,15.4,5.1,30.8,2.4,0.1,0.1,0.4,20.1,25.7,917,31.4
Uttar Pradesh,2.8,19.3,38.4,64.6,1.5,14.3,4.3,52.1,6.5,0.1,0.3,0.7,14.9,19.9,975,32.4
Uttar Pradesh,3.2,22.3,0,60.8,0,0,0,0,0,0,0,0,0,0,945,36.4
Uttar Pradesh,2.2,16.9,39.4,71.9,0,11.7,4.1,49.9,13.4,0.2,0,1.4,14.7,20,937,26
Uttar Pradesh,3.5,22.1,0,66.3,0,0,0,0,0,0,0,0,0,0,928,27.2
Uttar Pradesh,0.6,11.8,51,69.9,0.1,13.6,5,43.8,5.8,0.6,0,4.2,13.6,19.7,1066,29.3
Uttar Pradesh,2.6,18.9,0,63.1,0,0,0,0,0,0,0,0,0,0,1115,32.7
Uttar Pradesh,3.5,25.1,64.6,71.1,0.9,10.9,3.9,49.5,10.1,0.3,0.5,1.7,12.7,17.3,946,24.7
Uttar Pradesh,4.9,22.2,0,64.8,0,0,0,0,0,0,0,0,0,0,946,25.4
Uttar Pradesh,4,11.6,48.7,63.7,0.2,14.4,5.2,38.9,4.4,0.4,0.2,0,18.5,24.6,1001,32.5
Uttar Pradesh,4.3,11.9,0,59.6,0,0,0,0,0,0,0,0,0,0,1004,33.8
Uttar Pradesh,1.3,10.4,35.2,71.3,1.2,15.3,2.2,50.9,8.7,0.3,1,2.3,10.8,14.4,1003,32.7
Uttar Pradesh,4.5,16.7,0,66.2,0,0,0,0,0,0,0,0,0,0,988,36.4
Uttar Pradesh,1.9,12.7,37.8,73.9,0.6,16.5,4.2,50.5,10.2,0.4,0,0.6,11.4,16.5,974,27.9
Uttar Pradesh,4.5,19.4,0,66.6,0,0,0,0,0,0,0,0,0,0,885,30.9
Uttar Pradesh,3.4,10.9,46.2,80.4,1,15.1,2.8,46.8,9.5,0.3,0.5,0.8,11.7,16.2,925,24.5
Uttar Pradesh,1.4,7.8,0,78.4,0,0,0,0,0,0,0,0,0,0,889,24.8
Uttar Pradesh,7.6,23.2,46.7,62.2,0.2,17.1,5.8,44.7,6.9,0.4,0.2,0.6,12.8,19.5,1040,35.5
Uttar Pradesh,7.1,21,0,58.6,0,0,0,0,0,0,0,0,0,0,989,36.9
Uttar Pradesh,2.9,17.6,56.2,63.2,0.6,13,2.8,53.6,14.9,0.2,0.2,0.5,6.7,10,1069,34.9
Uttar Pradesh,3.8,20,0,51.1,0,0,0,0,0,0,0,0,0,0,1024,38.8
Uttar Pradesh,3.6,19.7,42.7,66.3,0.3,17.5,5.2,55.2,14.8,0.2,0,0.6,16.7,22.4,998,32.4
Uttar Pradesh,6.3,33.9,0,55.7,0,0,0,0,0,0,0,0,0,0,935,36.4
Uttar Pradesh,2.6,17.7,47.3,63.7,0.3,16.9,6.4,45.1,4.3,0.2,0.3,3,13.3,21.9,1145,34.9
Uttar Pradesh,4,31.2,0,58.8,0,0,0,0,0,0,0,0,0,0,1094,36.2
Uttar Pradesh,9.4,42.5,33.7,66.8,0.5,16.7,3.6,54.5,5.5,0.7,0.2,0.9,13.2,17.9,997,31.7
Uttar Pradesh,8.6,49.3,0,59.2,0,0,0,0,0,0,0,0,0,0,928,33.5
Uttar Pradesh,2.1,9.9,51.9,80.8,0.4,14.2,6,39.2,7.7,0.2,0,1.1,15.2,22.8,950,23.5
Uttar Pradesh,0.8,9.6,0,77.7,0,0,0,0,0,0,0,0,0,0,919,25.3
Uttar Pradesh,5.7,28.1,36.3,67.9,2.2,12.9,7.3,43.3,8,0.5,1.7,2.4,17.5,26.4,1029,31.9
Uttar Pradesh,8.6,29.5,0,68.2,0,0,0,0,0,0,0,0,0,0,921,33
Uttar Pradesh,3.6,24.1,33.5,62.4,0.3,17.2,6,47.8,5.9,0.3,0.3,0.7,16.7,24.9,1116,32.4
Uttar Pradesh,3.9,48.2,0,54,0,0,0,0,0,0,0,0,0,0,1093,35.9
Uttar Pradesh,4,20.8,54.2,65.2,1.8,12.2,2.7,63.3,13.2,0.2,0.7,6,11.8,15.7,972,28.4
Uttar Pradesh,3.7,25.9,0,60.7,0,0,0,0,0,0,0,0,0,0,943,30.7
Uttar Pradesh,4,16,46.6,74.6,0,15.2,3.3,41.3,2.9,0.5,0.4,1,13.7,17.9,1016,30.9
Uttar Pradesh,5.3,18.4,0,72.6,0,0,0,0,0,0,0,0,0,0,983,33.4
Uttar Pradesh,6.4,21.3,34.3,68.4,0.2,13,7.1,42.9,9.3,0.1,0.5,0.7,17.1,25.4,935,32.7
Uttar Pradesh,8.7,25.4,0,63.3,0,0,0,0,0,0,0,0,0,0,903,32.7
Uttar Pradesh,0.3,11,59.2,68.8,1.2,13.6,7.9,39.3,6.4,0.4,1,3.7,20.8,29.9,989,27.2
Uttar Pradesh,2.6,14,0,65.9,0,0,0,0,0,0,0,0,0,0,1092,35.5
Uttar Pradesh,2.4,7.6,59,74,0,13.7,7.6,24.4,2.6,0.2,0,0.2,17.4,26.2,967,30.3
Uttar Pradesh,2,8.9,0,68.2,0,0,0,0,0,0,0,0,0,0,930,31.1
Uttar Pradesh,2.4,16.6,44.4,69,0.8,14,8.1,42.2,5.4,0.1,0.2,3.3,18.6,29,1003,31.9
Uttar Pradesh,4.8,30.7,0,60.6,0,0,0,0,0,0,0,0,0,0,955,34.8
Uttar Pradesh,1.5,9.6,58.9,67.6,0.4,13.8,6.2,32.6,3.6,0.3,0.8,0.8,18.3,25.6,1002,29.4
Uttar Pradesh,1,7.3,70.5,69.1,0.2,13.7,6.8,31.7,3.7,0.3,0.2,0.2,16.6,24.2,957,30.4
Uttar Pradesh,4.6,16.2,66.6,60.1,0.4,15.5,5.4,38.2,4.9,0.2,0.2,0.9,11.4,17.5,922,29.6
Uttar Pradesh,4,14.9,0,57.9,0,0,0,0,0,0,0,0,0,0,937,31.9
Uttar Pradesh,0.7,11,45.2,67.2,0.2,9,6.1,41.4,11.9,0.5,0,0,13.2,22.3,1229,29
Uttar Pradesh,1.3,11.4,0,62.2,0,0,0,0,0,0,0,0,0,0,1122,33
Uttar Pradesh,2,13.8,48.9,70.6,0.7,12.5,4.3,44.6,11.9,0.2,0.4,1.4,11.9,17.7,1083,31.5
Uttar Pradesh,1.1,16.2,0,64.5,0,0,0,0,0,0,0,0,0,0,1034,33.2
Uttar Pradesh,1.3,14.3,31.6,66.4,0.7,16.5,4.8,50.4,11.8,0.5,0.2,1.4,11.8,17.9,1102,30.4
Uttar Pradesh,3.5,10.5,42.6,57.6,0.4,14.6,4.6,36.1,4.9,0.1,0.2,0.4,15.5,21,1022,31.1
Uttar Pradesh,2.2,9.9,0,53.7,0,0,0,0,0,0,0,0,0,0,986,36.2
Uttar Pradesh,1.3,7,60.2,69.3,0.2,14.1,5.7,30.7,2.4,0.5,0.1,0.2,18.2,24.3,984,28.5
Uttar Pradesh,2.1,7.7,0,65.3,0,0,0,0,0,0,0,0,0,0,954,32.9
Uttar Pradesh,4.3,21.1,37.7,56,0.2,16.7,5.4,40.3,4.9,0.2,0,0,16.7,22.7,1019,35.5
Uttar Pradesh,1.9,16.8,36.4,63.8,0.2,14.4,7.3,51.9,9.9,0.3,0.3,0.8,18,28.2,1185,34.6
Uttar Pradesh,1.4,31.8,0,58.6,0,0,0,0,0,0,0,0,0,0,1137,37.8
Uttar Pradesh,1.7,19.6,45.2,67.3,0.6,7.7,5.4,36.5,7.4,0.1,0,1.8,15.9,23,1082,33.7
Uttar Pradesh,3.4,25.4,0,62.2,0,0,0,0,0,0,0,0,0,0,1077,35.8
Uttar Pradesh,4.6,20.9,43,63.2,0.2,20.4,3,49,6.6,0.2,0.2,0.2,11.1,14.5,977,34.4
Uttar Pradesh,4.8,30.2,0,60,0,0,0,0,0,0,0,0,0,0,952,37
Uttar Pradesh,2.3,10.8,65.4,62.7,0.2,10.2,7.2,30.6,3.7,0.3,0.2,0.4,20.9,28.6,989,31.3
Uttar Pradesh,5.3,51.9,34.6,47,0.6,8,3.5,64.2,24.2,0.3,0.4,1.2,13.1,18.7,1037,40.2
Uttar Pradesh,7,67.9,0,42.7,0,0,0,0,0,0,0,0,0,0,1042,43.2
Uttar Pradesh,3.7,33.9,29.2,57.7,0.2,11.2,7.4,54.9,14.6,0.2,0.4,2.3,14,23.5,1177,41
Uttar Pradesh,3.8,45.2,0,56.3,0,0,0,0,0,0,0,0,0,0,1117,40.8
Uttar Pradesh,3.4,20.8,41.9,65,0.4,13.8,5.7,59.7,13.8,0.1,0.2,3.8,16.1,23,970,33.6
Uttar Pradesh,7.3,32.8,0,59.8,0,0,0,0,0,0,0,0,0,0,912,35.7
Uttar Pradesh,6.9,17.7,34,62.1,0.2,24.1,4,54.1,5.8,0.6,0,2.8,16.8,21.4,995,31.8
Uttar Pradesh,5.7,33,0,59.8,0,0,0,0,0,0,0,0,0,0,936,35.6
Uttar Pradesh,1.1,7.9,53,68.9,1.7,10.1,6.7,47.5,14.2,0.1,1.8,4.3,16.4,24.3,1151,31.4
Uttar Pradesh,2.2,18.9,36.1,69,2.4,16.7,4,50.9,9.5,0.3,0.7,2,15.7,21.4,993,28.1
Uttar Pradesh,4.4,11.5,0,64.4,0,0,0,0,0,0,0,0,0,0,1011,32.8
Uttar Pradesh,0,10.4,61.8,74.1,1.6,13.4,5.6,38.4,5.5,0.4,0.9,3.4,20.9,27.1,951,27.3
Uttar Pradesh,4.1,19.9,0,69.3,0,0,0,0,0,0,0,0,0,0,951,30.4
Uttarakhand,1.7,1.5,68.5,72.3,0.4,31.8,12.2,44.3,5.5,0.1,0.7,0,19.6,33.2,1331,23.2
Uttarakhand,0.8,9.7,0,69.7,0,0,0,0,0,0,0,0,0,0,1259,28.8
Uttarakhand,1.7,12.9,76.1,73.9,0,39.5,11.9,43.7,7.7,0.5,0,0,20.8,34.9,1174,24.6
Uttarakhand,4.1,20.1,0,73.3,0,0,0,0,0,0,0,0,0,0,1144,29.5
Uttarakhand,3,3.4,66.5,79.1,0.6,37.7,8.2,38.4,2.2,0.2,0,0,19.4,28.5,1087,26.1
Uttarakhand,1.3,12.3,0,74.3,0,0,0,0,0,0,0,0,0,0,1150,29.8
Uttarakhand,1.9,11.7,77.7,75.9,0,33.1,7.9,38.7,4.9,0.2,0.5,1.2,20.7,29.7,1112,27.6
Uttarakhand,4.2,19.5,0,70.5,0,0,0,0,0,0,0,0,0,0,1154,31.2
Uttarakhand,0.4,6.6,73.7,82.9,0,21.6,10.2,25.6,2.4,0.2,0,0.2,17.9,31.9,915,23.1
Uttarakhand,1.7,8.6,0,79.9,0,0,0,0,0,0,0,0,0,0,936,24.1
Uttarakhand,2.3,9.9,67.1,73.9,0.9,17.6,9.5,31.8,5.7,0.4,0.5,1.3,22.5,33.9,946,31
Uttarakhand,2.6,15.5,0,69,0,0,0,0,0,0,0,0,0,0,929,31.9
Uttarakhand,2,11.3,79.9,80.3,0,29.5,7.8,34.8,5.2,0.4,0.2,0,19.8,30.4,1014,25.8
Uttarakhand,2.5,15.1,0,80.1,0,0,0,0,0,0,0,0,0,0,1005,28.8
Uttarakhand,1.3,8.6,71.9,75.5,0,33.6,12,42.9,6.4,0.7,0,0.1,20.7,34.3,1166,23
Uttarakhand,3.9,6.2,0,75.6,0,0,0,0,0,0,0,0,0,0,1210,27.3
Uttarakhand,3.7,16.2,79.5,79.7,0,33.2,10.3,38.5,4.3,0.3,0,0.5,21.6,32.9,1043,22.2
Uttarakhand,6.8,26.6,0,71.8,0,0,0,0,0,0,0,0,0,0,1069,27.2
Uttarakhand,1.8,8.6,86.1,73,0.2,38.9,9.2,41,2,0.2,0,0,20.6,31.7,1242,25
Uttarakhand,2.1,10.3,0,70.8,0,0,0,0,0,0,0,0,0,0,1169,28.9
Uttarakhand,1.7,6.3,58.4,62.2,0,35.7,10.4,41.1,3.8,0.2,0,0,22,34,1236,25.7
Uttarakhand,0,10,0,65.8,0,0,0,0,0,0,0,0,0,0,1161,29.3
Uttarakhand,5.2,14.6,76.4,70.5,0.6,21.6,8.7,31.7,5.3,0.4,0,0.5,19.2,30.2,957,27.9
Uttarakhand,4.3,18.8,0,68.3,0,0,0,0,0,0,0,0,0,0,941,31.1
Uttarakhand,4.8,5.7,81.1,69,0.8,26.9,6.3,35.1,2.5,0.5,0.1,0.1,16.5,24.4,1024,25
Uttarakhand,5.4,11.6,0,65.8,0,0,0,0,0,0,0,0,0,0,1031,29.7
West Bengal,16,45.7,64.8,68.7,0,16,3.2,47.7,21.5,0.6,0.2,0.4,13.8,20.3,1053,22.6
West Bengal,16.6,39,0,67.1,0,0,0,0,0,0,0,0,0,0,1002,24.9
West Bengal,25,49.9,75.2,73.6,0,18,2.1,50.3,8.1,1.7,0.2,0.2,9.9,14.1,1033,25.7
West Bengal,24.9,51.3,0,69,0,0,0,0,0,0,0,0,0,0,968,25.4
West Bengal,18.2,45.6,80.2,77.7,0.2,22.7,3,47.2,12.8,2.3,0.2,0.5,10.2,16.2,1106,23.4
West Bengal,19.5,45.1,0,70.2,0,0,0,0,0,0,0,0,0,0,1023,24.1
West Bengal,6.3,21.2,92,78.3,0.2,32.9,8.7,49,14.4,5.8,0.3,0.5,18.7,29.5,1029,20.7
West Bengal,10.1,21.9,0,77,0,0,0,0,0,0,0,0,0,0,992,22.4
West Bengal,9.4,30.4,85.4,82,0.1,19.4,6,44.7,6,0.7,0,0.3,18.7,26.8,1011,21.2
West Bengal,7.2,25.6,0,81.8,0,0,0,0,0,0,0,0,0,0,1001,23
West Bengal,13.2,40.8,83.2,81,0.6,22.3,4.6,53.5,8.1,1.5,0.4,0.3,17.7,26.7,1082,19.9
West Bengal,19.6,31.9,0,78.5,0,0,0,0,0,0,0,0,0,0,1055,22.7
West Bengal,11.8,18.7,74.8,73.7,0,28.2,7.1,54.2,19,2.8,0,0,15.1,23.7,1038,22.6
West Bengal,9.7,34.5,0,68.8,0,0,0,0,0,0,0,0,0,0,969,25.7
West Bengal,27.3,46.7,70.3,75.7,0.2,14.4,6.4,56.1,22.3,0.3,0.2,0.4,11.3,20.8,1058,25
West Bengal,23.6,41.8,0,73.7,0,0,0,0,0,0,0,0,0,0,1008,26.3
West Bengal,4.9,16.7,92.8,87.2,0,22.2,5.1,42.4,6,1,0,0,15,23.8,954,16
West Bengal,4.8,13.4,0,82.5,0,0,0,0,0,0,0,0,0,0,921,20.2
West Bengal,18.9,49.1,72.4,71.3,0.2,15.1,4.1,45.2,8.4,0.3,0,0.2,10.6,17.8,1062,30.2
West Bengal,24.9,56.8,0,68.4,0,0,0,0,0,0,0,0,0,0,1019,32.9
West Bengal,20.6,55.4,74.1,74.7,0.2,10.8,3.2,43.7,5.1,0.9,0.3,0.3,10.9,16.3,1103,29.3
West Bengal,29.5,53.5,0,70.8,0,0,0,0,0,0,0,0,0,0,1083,31.8
West Bengal,15.1,39.9,81.3,77.6,0,10.8,2.7,47.7,6.8,0.4,0,0.2,10.2,16,1071,21.5
West Bengal,21.9,43.1,0,73.7,0,0,0,0,0,0,0,0,0,0,1015,23.4
West Bengal,11.5,33.6,87.6,82.4,0.2,17.6,3.2,49.8,7,0.4,0.2,0.2,11.7,17.1,1013,20.6
West Bengal,18.7,36.5,0,83.7,0,0,0,0,0,0,0,0,0,0,981,21.3
West Bengal,15.4,31.8,77.9,74.8,0.4,14.6,3.7,40.2,11.8,0.8,1.3,0.7,14.5,20.7,977,22.3
West Bengal,25,55.7,78.8,72.1,0,20.8,4.3,50.5,18.8,1.5,0,0,10.7,19,1089,23.4
West Bengal,15.6,52.6,0,74.7,0,0,0,0,0,0,0,0,0,0,1050,25.2
West Bengal,21.9,50.4,69.6,71.2,0,22.9,3.8,50.1,9.9,1.2,0.1,0.2,11.5,18.4,1067,22.2
West Bengal,22,57.6,86.2,83,0.5,14.8,4.4,40.1,12.9,2,0.2,0,11.9,21.3,1031,23.9
West Bengal,19.6,44,0,78.8,0,0,0,0,0,0,0,0,0,0,991,24.7
West Bengal,12,37,61.3,63.6,0.2,17.8,3.9,51.2,26.7,1.1,0.2,0.4,13.6,20.4,1065,25.4
West Bengal,21.7,43.7,0,53.6,0,0,0,0,0,0,0,0,0,0,983,28.8
West Bengal,13.1,41.9,84.1,80.9,0.2,16.5,4.3,49.8,6.3,0.4,0,0,13,19.1,1055,25.5
West Bengal,19.3,48.8,0,76.5,0,0,0,0,0,0,0,0,0,0,1036,26.7
West Bengal,12.7,30.3,66.5,68.1,0,15.9,4.8,49.1,10.2,1.7,0,0,15.9,23.8,1093,29.2
West Bengal,17.4,39.7,0,60.1,0,0,0,0,0,0,0,0,0,0,1023,36.8